date, pm25, pm10, o3, no2, so2
2025/11/1, 29, 10, 27, 6, 
2025/11/2, 26, 11, 29, 3, 
2025/11/3, 30, 14, 27, 5, 
2025/11/4, 26, 26, 21, 11, 
2025/11/5, 48, 26, 13, 13, 
2025/11/6, 52, 17, 22, 13, 
2025/11/7, 35, 18, 18, 9, 
2025/11/8, 43, 16, 19, 7, 
2025/11/9, 36, 8, 24, 9, 
2025/11/10, 24, 11, 21, 4, 
2025/11/11, 25, , , , 
2025/10/1, 37, 18, 25, 7, 
2025/10/2, 45, 7, 26, 4, 
2025/10/3, 24, 19, 28, 1, 
2025/10/4, 42, 13, 23, 2, 
2025/10/5, 31, 15, 25, 4, 
2025/10/6, 32, 11, 25, 5, 
2025/10/7, 28, 12, 20, 7, 
2025/10/8, 20, 14, 24, 8, 
2025/10/9, 27, 10, 23, 10, 
2025/10/10, 28, 16, 18, 12, 
2025/10/11, 47, 22, 18, 9, 
2025/10/12, 66, 15, 13, 8, 
2025/10/13, 44, 8, 13, 8, 
2025/10/14, 23, 15, 18, 10, 
2025/10/15, 50, 12, 21, 12, 
2025/10/16, 32, 15, 16, 12, 
2025/10/17, 36, 16, 25, 11, 
2025/10/18, 38, 12, 25, 8, 
2025/10/19, 37, 11, 23, 8, 
2025/10/20, 20, 9, 21, 6, 9
2025/10/21, 26, 13, 22, 14, 
2025/10/22, 32, 5, 24, 7, 
2025/10/23, 29, 12, 23, 10, 
2025/10/24, 30, 8, 25, 6, 
2025/10/25, 31, 6, 25, 4, 
2025/10/26, 21, 14, 27, 4, 
2025/10/27, 36, 15, 28, 4, 
2025/10/28, 32, 9, 24, 8, 
2025/10/29, 30, 13, 24, 10, 
2025/10/30, 26, 17, 29, 4, 
2025/10/31, 34, 13, 30, 4, 
2025/7/1, 21, 10, 29, 4, 
2025/7/2, 15, 17, 25, 4, 
2025/7/3, 20, 61, 24, 2, 
2025/7/4, 29, 14, 19, 1, 
2025/7/5, 30, 6, 16, 1, 
2025/7/6, 28, 10, 27, 2, 
2025/7/7, 36, 10, 27, 2, 
2025/7/8, 35, 9, 22, 4, 
2025/7/9, 40, 10, 28, 6, 
2025/7/10, 42, 18, 47, 10, 
2025/7/11, 49, 16, 58, 11, 
2025/7/12, 53, 12, 40, 7, 
2025/7/13, 46, 17, 30, 2, 
2025/7/14, 47, 15, 21, 2, 
2025/7/15, 46, 11, 24, 3, 
2025/7/16, 38, 6, 12, 4, 
2025/7/17, 38, 7, 21, 4, 
2025/7/18, 40, 8, 26, 4, 
2025/7/19, 25, 15, 28, 5, 
2025/7/20, 40, 8, 26, 4, 
2025/7/21, 39, 6, 21, 2, 
2025/7/22, 39, 12, 21, 5, 
2025/7/23, 49, 18, 22, 4, 
2025/7/24, 52, 18, 24, 3, 
2025/7/25, 58, 7, 20, 2, 
2025/7/26, 23, 12, 21, 6, 
2025/7/27, 36, 10, 25, 4, 
2025/7/28, 36, 7, 17, 4, 
2025/7/29, 29, 8, 23, 3, 
2025/7/30, 41, , 25, 3, 
2025/7/31, 32, , 23, 3, 
2025/8/1, 16, , 27, 3, 
2025/8/2, 15, , 24, 2, 
2025/8/3, 14, 10, 24, 2, 
2025/8/4, 9, 12, 23, 3, 
2025/8/5, 25, 16, 26, 5, 
2025/8/6, 25, 13, 25, 3, 
2025/8/7, 20, 10, 24, 3, 
2025/8/8, 18, 12, 25, 2, 
2025/8/9, 21, 18, 27, 5, 
2025/8/10, 45, 22, 39, 11, 
2025/8/11, 49, 22, 62, 8, 
2025/8/12, 49, 22, 38, 2, 
2025/8/13, 53, 8, 17, 3, 
2025/8/14, 19, 14, 30, 7, 
2025/8/15, 26, 16, 35, 4, 
2025/8/16, 39, 13, 36, 4, 
2025/8/17, 23, 14, 27, 6, 
2025/8/18, 21, 16, 32, 6, 
2025/8/19, 28, 11, 23, 5, 
2025/8/20, 17, 17, 30, 7, 
2025/8/21, 30, 18, 32, 8, 
2025/8/22, 34, 16, 32, 11, 
2025/8/23, 44, 17, 37, 5, 
2025/8/24, 32, 18, 35, 7, 
2025/8/25, 26, 15, 28, 2, 
2025/8/26, 26, 15, 24, 2, 
2025/8/27, 23, 10, 24, 3, 
2025/8/28, 18, 10, 20, 3, 
2025/8/29, 20, 11, 21, 3, 
2025/8/30, 22, 14, 25, 1, 
2025/8/31, 23, 12, 23, 2, 
2025/9/1, 24, 10, 20, 8, 
2025/9/2, 22, 6, 23, 2, 
2025/9/3, 14, 9, 24, 2, 
2025/9/4, 20, 9, 21, 5, 
2025/9/5, 19, 16, 28, 7, 
2025/9/6, 22, 10, 24, 5, 
2025/9/7, 23, 9, 22, 4, 
2025/9/8, 20, 14, 21, 7, 
2025/9/9, 19, 8, 17, 4, 
2025/9/10, 21, 12, 21, 3, 
2025/9/11, 27, 8, 20, 3, 
2025/9/12, 22, 10, 23, 2, 
2025/9/13, 23, 14, 26, 5, 
2025/9/14, 26, 21, 28, 1, 
2025/9/15, 40, 12, 24, 2, 
2025/9/16, 26, 3, 21, 2, 
2025/9/17, 11, 7, 16, 2, 
2025/9/18, 21, 10, 24, 4, 
2025/9/19, 25, 9, 23, 3, 
2025/9/20, 28, 9, 24, 6, 
2025/9/21, 22, 12, 24, 10, 
2025/9/22, 20, 15, 24, 12, 
2025/9/23, 29, 15, 23, 11, 
2025/9/24, 31, 17, 27, 12, 
2025/9/25, 31, 20, 23, 13, 
2025/9/26, 28, 17, 23, 7, 
2025/9/27, 36, 9, 22, 6, 
2025/9/28, 22, 17, 16, 10, 
2025/9/29, 31, 17, 20, 10, 
2025/9/30, 36, 15, 25, 8, 
2025/4/1, 38, 21, , 7, 
2025/4/2, 35, 25, , 10, 
2025/4/3, 54, 28, , 9, 
2025/4/4, 64, 16, , 3, 
2025/4/5, 34, 13, , 3, 
2025/4/6, 33, 19, , 11, 
2025/4/7, 36, 30, , 16, 
2025/4/8, 53, 25, , 11, 
2025/4/9, 53, 26, , 11, 
2025/4/10, 50, 40, , 18, 
2025/4/11, 68, 25, , 11, 
2025/4/12, 62, 12, , 2, 
2025/4/13, 27, 12, , 4, 
2025/4/14, 22, 13, , 10, 
2025/4/15, 30, 10, , 1, 
2025/4/16, 16, 18, , 11, 
2025/4/17, 31, 11, , 8, 
2025/4/18, 30, 12, , 7, 
2025/4/19, 39, 12, , 4, 
2025/4/20, 32, 12, , 2, 
2025/4/21, 28, 14, , 4, 
2025/4/22, 22, 19, , 8, 
2025/4/23, 21, 24, , 12, 
2025/4/24, 50, 21, , 8, 
2025/4/25, 51, 20, , 7, 
2025/4/26, 53, 9, , 2, 
2025/4/27, 22, 18, , 11, 
2025/4/28, 31, 25, , 12, 
2025/4/29, 47, 31, , 15, 
2025/4/30, 58, 26, , 12, 
2025/5/1, 52, 21, 36, 10, 
2025/5/2, 40, 14, 31, 5, 
2025/5/3, 23, 13, 30, 3, 
2025/5/4, 22, 13, 27, 3, 
2025/5/5, 23, 20, 35, 8, 
2025/5/6, 30, 25, 28, 9, 
2025/5/7, 38, 14, 32, 6, 
2025/5/8, 20, 20, 41, 8, 
2025/5/9, 32, 21, 45, 11, 
2025/5/10, 38, 18, 40, 8, 
2025/5/11, 34, 18, 36, 10, 
2025/5/12, 37, 19, 36, 10, 
2025/5/13, 34, 18, 49, 7, 
2025/5/14, 36, 24, 37, 6, 
2025/5/15, 38, 25, 36, 7, 
2025/5/16, 39, 22, 36, 7, 
2025/5/17, 43, 20, 39, 8, 
2025/5/18, 41, 21, 38, 6, 
2025/5/19, 40, 20, 38, 8, 
2025/5/20, 36, 14, 32, 7, 
2025/5/21, 32, 20, 34, 7, 
2025/5/22, 35, 18, 33, 4, 
2025/5/23, 39, 11, 20, 1, 
2025/5/24, 31, 16, 32, , 
2025/5/25, 25, 14, 32, , 
2025/5/26, 25, 13, 28, , 
2025/5/27, 21, 16, 28, 1, 
2025/5/28, 31, 9, 17, 1, 
2025/5/29, 19, 9, 22, 1, 
2025/5/30, 23, 9, 28, 1, 
2025/5/31, 26, 17, 29, 1, 
2025/6/1, 31, 13, 27, 3, 
2025/6/2, 26, 13, 28, 1, 
2025/6/3, 27, 14, 31, 2, 
2025/6/4, 25, 8, 27, 2, 
2025/6/5, 20, 10, 28, 1, 
2025/6/6, 14, 4, 21, 2, 
2025/6/7, 15, 9, 26, 1, 
2025/6/8, 22, 19, 32, 2, 
2025/6/9, 55, 7, 20, 2, 
2025/6/10, 20, 15, 28, 9, 
2025/6/11, 31, 16, 30, 8, 
2025/6/12, 41, 16, 32, 6, 
2025/6/13, 38, 9, 32, 3, 
2025/6/14, 24, 12, 25, 2, 
2025/6/15, 33, 11, 28, 2, 
2025/6/16, 30, 9, 25, 2, 
2025/6/17, 25, 13, 32, 3, 
2025/6/18, 35, 20, 49, 10, 
2025/6/19, 46, 24, 54, 13, 
2025/6/20, 52, 24, 49, 9, 
2025/6/21, 48, 11, 26, 1, 
2025/6/22, 25, 12, 27, 1, 
2025/6/23, 22, 9, 21, 2, 
2025/6/24, 23, 4, 13, 2, 
2025/6/25, 12, 13, 26, 2, 
2025/6/26, 21, 9, 22, 2, 
2025/6/27, 19, 5, 17, 1, 
2025/6/28, 22, 8, 15, 2, 
2025/6/29, 16, 19, 27, 5, 
2025/6/30, 29, 15, 16, 4, 
2025/1/1, 30, 13, 16, 20, 
2025/1/2, 45, 16, 12, 20, 
2025/1/3, 50, 16, 21, 17, 
2025/1/4, 48, 6, 30, 11, 
2025/1/5, 22, 6, 25, 6, 
2025/1/6, 23, 9, 22, 10, 
2025/1/7, 34, 14, 9, 19, 
2025/1/8, 41, 16, 15, 20, 
2025/1/9, 48, 18, 12, 17, 
2025/1/10, 46, 25, 11, 19, 
2025/1/11, 70, 22, 22, 15, 
2025/1/12, 62, 11, 19, 8, 
2025/1/13, 35, 16, 17, 12, 
2025/1/14, 41, 11, 17, 10, 
2025/1/15, 39, 18, 6, 18, 
2025/1/16, 60, 16, 21, 9, 
2025/1/17, 52, 24, 21, 12, 
2025/1/18, 59, 24, 15, 11, 
2025/1/19, 67, 23, 4, 17, 
2025/1/20, 67, 23, 14, 18, 
2025/1/21, 65, 29, 13, 19, 
2025/1/22, 70, , 29, 9, 
2025/1/23, 32, , 32, 4, 
2025/1/24, 43, , 21, 12, 
2025/1/25, 53, , 33, 5, 
2025/1/26, 20, 17, 32, 3, 7
2025/1/27, 28, 9, 29, 3, 
2025/1/28, 24, 20, 25, 12, 
2025/1/29, 28, 15, 24, 12, 
2025/1/30, 30, 21, 24, 18, 
2025/1/31, 34, 18, 24, 14, 
2025/2/1, 43, 18, 26, 9, 
2025/2/2, 29, 17, 23, 9, 
2025/2/3, 39, 15, 27, 5, 
2025/2/4, 28, 21, 15, 21, 
2025/2/5, 34, 16, 21, 12, 
2025/2/6, 42, 15, 26, 5, 
2025/2/7, 36, 20, 20, 7, 
2025/2/8, 58, 26, 19, 7, 
2025/2/9, 78, 20, 22, 7, 
2025/2/10, 66, 26, 21, 12, 
2025/2/11, 62, 33, 6, 13, 
2025/2/12, 68, 33, 23, 12, 
2025/2/13, 72, 29, 24, 14, 
2025/2/14, 73, 26, 14, 15, 
2025/2/15, 80, 27, 19, 10, 
2025/2/16, 73, 32, 20, 12, 
2025/2/17, 73, 34, 21, 12, 
2025/2/18, 78, 30, 22, 14, 
2025/2/19, 79, 9, 23, 5, 
2025/2/20, 26, 14, 26, 7, 
2025/2/21, 34, 20, 30, 9, 
2025/2/22, 45, 13, 36, 5, 
2025/2/23, 29, 13, 33, 4, 
2025/2/24, 24, 16, 31, 5, 
2025/2/25, 27, 12, 27, 5, 
2025/2/26, 15, 15, , 9, 
2025/2/27, 18, 30, , 22, 
2025/2/28, 46, 30, , 19, 
2025/3/1, 56, 29, , 18, 
2025/3/2, 58, 31, , 21, 
2025/3/3, 54, 25, , 16, 
2025/3/4, 62, 36, , 17, 
2025/3/5, 92, 42, , 19, 
2025/3/6, 90, 25, , 16, 
2025/3/7, 56, 29, , 13, 
2025/3/8, 58, 33, , 13, 
2025/3/9, 71, 44, , 13, 
2025/3/10, 114, 24, , 9, 
2025/3/11, 34, 15, , 12, 
2025/3/12, 22, 19, , 14, 
2025/3/13, 21, 26, , 19, 
2025/3/14, 42, 15, , 10, 
2025/3/15, 32, 18, , 13, 
2025/3/16, 34, 15, , 7, 
2025/3/17, 24, 27, , 11, 
2025/3/18, 53, 38, , 17, 
2025/3/19, 73, 38, , 20, 
2025/3/20, 63, 29, , 13, 
2025/3/21, 54, 23, , 10, 
2025/3/22, 47, 21, , 7, 
2025/3/23, 40, 41, , 7, 
2025/3/24, 85, 20, , 6, 
2025/3/25, 45, 16, , 7, 
2025/3/26, 29, 7, , 2, 
2025/3/27, 16, 12, , 4, 
2025/3/28, 22, 11, , 5, 
2025/3/29, 29, 18, , 3, 
2025/3/30, 28, 25, , 14, 
2025/3/31, 44, 22, , 10, 
2024/10/1, 19, 10, 25, 4, 
2024/10/2, 24, 16, 26, 12, 
2024/10/3, 32, 15, 29, 11, 
2024/10/4, 35, 19, 27, 12, 
2024/10/5, 37, 10, 23, 7, 
2024/10/6, 22, 19, 25, 9, 
2024/10/7, 28, 15, 27, 14, 
2024/10/8, 23, 7, 17, 8, 
2024/10/9, 22, 10, 23, 9, 
2024/10/10, 25, 19, 18, 16, 
2024/10/11, 31, 9, 21, 8, 
2024/10/12, 30, 12, 18, 12, 
2024/10/13, 30, 8, 13, 8, 
2024/10/14, 22, 14, 16, 12, 
2024/10/15, 39, 13, 15, 9, 
2024/10/16, 27, 14, 21, 6, 
2024/10/17, 20, 13, 25, 7, 
2024/10/18, 21, 16, 25, 7, 
2024/10/19, 29, 21, 27, 3, 
2024/10/20, 35, 25, 24, 7, 
2024/10/21, 37, 13, 23, 8, 
2024/10/22, 24, 15, 22, 10, 
2024/10/23, 26, 20, 18, 11, 
2024/10/24, 29, 18, 26, 10, 
2024/10/25, 31, 21, 20, 15, 
2024/10/26, 40, 11, 26, 8, 
2024/10/27, 24, 7, 21, 5, 
2024/10/28, 16, 10, 13, 11, 
2024/10/29, 26, 16, 10, 14, 
2024/10/30, 37, 32, 16, 16, 
2024/10/31, 46, 14, 21, 13, 
2024/11/1, 37, 17, 17, 12, 
2024/11/2, 52, 15, 13, 8, 
2024/11/3, 44, 19, 11, 11, 
2024/11/4, 50, 39, 7, 14, 
2024/11/5, 89, 30, 10, 12, 
2024/11/6, 73, 18, 10, 11, 
2024/11/7, 40, 21, 10, 12, 
2024/11/8, 54, 41, 10, 17, 
2024/11/9, 96, 24, 11, 14, 
2024/11/10, 63, 20, 13, 16, 3
2024/11/11, 31, 18, 21, 12, 
2024/11/12, 34, 20, 19, 16, 
2024/11/13, 41, 19, 12, 18, 
2024/11/14, 40, 24, 13, 16, 
2024/11/15, 57, 15, 15, 15, 
2024/11/16, 53, 9, 24, 5, 
2024/11/17, 30, 7, 28, 14, 
2024/11/18, 18, 7, 19, 11, 
2024/11/19, 19, 12, 16, 19, 
2024/11/20, 40, 21, 15, 17, 1
2024/11/21, 37, 17, 23, 12, 1
2024/11/22, 42, 9, 27, 4, 1
2024/11/23, 22, 10, 29, 3, 1
2024/11/24, 25, 13, 27, 5, 
2024/11/25, 30, 14, 26, 18, 1
2024/11/26, 29, 15, 29, 15, 
2024/11/27, 27, 16, 8, 19, 
2024/11/28, 49, 16, 17, 12, 3
2024/11/29, 37, 14, 16, 4, 
2024/11/30, 39, 8, 28, 4, 
2024/12/1, 27, 7, 22, 5, 
2024/12/2, 24, 22, 11, 16, 
2024/12/3, 36, 13, 27, 12, 
2024/12/4, 38, 6, 29, 3, 
2024/12/5, 19, 16, 29, 8, 
2024/12/6, 32, 12, 29, 1, 
2024/12/7, 30, 6, 27, 2, 
2024/12/8, 17, 9, 21, 4, 
2024/12/9, 16, 10, 26, 6, 
2024/12/10, 20, 13, 27, 8, 
2024/12/11, 25, 12, 27, 13, 
2024/12/12, 27, 11, 14, 15, 
2024/12/13, 38, 7, 19, 9, 
2024/12/14, 29, 5, 28, 2, 
2024/12/15, 24, 7, 29, 6, 
2024/12/16, 21, 12, 23, 8, 
2024/12/17, 25, 12, 30, 4, 
2024/12/18, 26, 8, 29, 7, 2
2024/12/19, 22, 15, 24, 13, 
2024/12/20, 35, 16, 29, 4, 
2024/12/21, 36, 13, 30, 2, 
2024/12/22, 27, 13, 28, 8, 
2024/12/23, 38, 3, 27, 4, 
2024/12/24, 21, 3, 28, 2, 
2024/12/25, 16, 5, 22, 7, 
2024/12/26, 18, 9, 13, 12, 
2024/12/27, 32, 14, 17, 14, 
2024/12/28, 38, 7, 28, 7, 
2024/12/29, 32, , , , 
2024/7/1, 22, 14, 23, 3, 
2024/7/2, 27, 11, 25, 1, 
2024/7/3, 22, 16, 25, 1, 
2024/7/4, 29, 5, 19, 5, 
2024/7/5, 12, 7, 23, 1, 
2024/7/6, 12, 7, 22, 1, 
2024/7/7, 21, 9, 22, 8, 
2024/7/8, 15, 6, 17, 2, 
2024/7/9, 13, 7, 24, 1, 
2024/7/10, 13, 8, 24, 3, 
2024/7/11, 18, 11, 20, 7, 
2024/7/12, 28, 11, 24, 7, 
2024/7/13, 29, 8, 29, 4, 
2024/7/14, 25, 9, 27, 8, 
2024/7/15, 25, 10, 28, 3, 
2024/7/16, 22, 9, 28, 3, 
2024/7/17, 25, 13, 35, 5, 
2024/7/18, 26, 18, 32, 6, 
2024/7/19, 34, 7, 20, 3, 
2024/7/20, 15, 7, 24, 13, 
2024/7/21, 17, 6, 21, 1, 
2024/7/22, 14, 8, 21, 2, 
2024/7/23, 15, 8, 18, 3, 
2024/7/24, 16, 4, 20, 2, 
2024/7/25, 11, 12, 20, 2, 
2024/7/26, 20, 9, 26, 3, 
2024/7/27, 23, 11, 29, 5, 
2024/7/28, 17, 15, 42, 8, 
2024/7/29, 28, 20, 42, 9, 
2024/7/30, 37, 16, 58, 7, 
2024/7/31, 36, , 33, 4, 
2024/8/1, 40, , 23, 2, 
2024/8/2, 17, , 23, 2, 
2024/8/3, 26, , 24, 3, 
2024/8/4, 17, , 21, 2, 
2024/8/5, 9, 14, 26, 2, 
2024/8/6, 11, 15, 27, 2, 
2024/8/7, 25, 9, 22, 3, 
2024/8/8, 17, 11, 23, 2, 
2024/8/9, 19, 10, 20, 3, 
2024/8/10, 24, 10, 26, 7, 
2024/8/11, 16, 14, 24, 5, 
2024/8/12, 20, 16, 23, 5, 
2024/8/13, 28, 11, 24, 5, 
2024/8/14, 23, 10, 20, 2, 
2024/8/15, 15, 10, 28, 6, 
2024/8/16, 23, 12, 25, 5, 
2024/8/17, 26, 17, 27, 3, 
2024/8/18, 44, 19, 25, 4, 
2024/8/19, 48, 10, 25, 2, 
2024/8/20, 19, 14, 24, 3, 
2024/8/21, 26, 12, 27, 2, 
2024/8/22, 22, 13, 27, 2, 
2024/8/23, 23, 11, 26, 3, 
2024/8/24, 24, 12, 27, 2, 
2024/8/25, 26, 21, 30, 2, 
2024/8/26, 39, 12, 27, 6, 
2024/8/27, 28, 15, 25, 8, 
2024/8/28, 34, 15, 25, 5, 
2024/8/29, 39, 15, 31, 11, 
2024/8/30, 41, 19, 28, 6, 
2024/8/31, 46, 23, 24, 6, 
2024/9/1, 54, 15, 27, 6, 
2024/9/2, 39, 11, 24, 4, 
2024/9/3, 27, 10, 27, 7, 
2024/9/4, 21, 9, 33, 5, 
2024/9/5, 27, 12, 27, 9, 
2024/9/6, 36, 11, 22, 10, 
2024/9/7, 32, 6, 25, 5, 
2024/9/8, 33, 13, 26, 4, 
2024/9/9, 27, 13, 24, 3, 4
2024/9/10, 26, 9, 22, 4, 
2024/9/11, 23, 8, 25, 6, 
2024/9/12, 14, 11, 27, 9, 
2024/9/13, 27, 12, 32, 8, 
2024/9/14, 34, 9, 31, 4, 
2024/9/15, 20, 10, 26, 8, 
2024/9/16, 25, 14, 26, 10, 
2024/9/17, 31, 18, 30, 5, 
2024/9/18, 37, 27, 29, 5, 
2024/9/19, 54, 28, 33, 6, 
2024/9/20, 67, 25, 30, 7, 
2024/9/21, 65, 16, 26, 8, 
2024/9/22, 51, 9, 16, 13, 
2024/9/23, 29, 10, 32, 6, 
2024/9/24, 36, 11, 26, 13, 
2024/9/25, 34, 6, 25, 5, 
2024/9/26, 19, 6, 22, 5, 
2024/9/27, 16, 10, 25, 9, 
2024/9/28, 24, 13, 25, 6, 
2024/9/29, 23, 6, 21, 4, 
2024/9/30, 15, 8, 20, 5, 
2024/4/1, 28, 8, 34, 9, 1
2024/4/2, 24, 8, 32, 3, 1
2024/4/3, 17, 10, 37, 5, 1
2024/4/4, 29, 15, 33, 3, 1
2024/4/5, 39, 17, 41, 4, 1
2024/4/6, 40, 15, 36, 1, 1
2024/4/7, 40, 21, 37, 10, 
2024/4/8, 30, 10, 34, 2, 
2024/4/9, 29, 11, 25, 4, 3
2024/4/10, 20, 4, 28, 4, 
2024/4/11, 17, 15, 32, 3, 
2024/4/12, 34, 14, 30, 2, 
2024/4/13, 39, 12, 35, 3, 
2024/4/14, 22, 12, 35, 2, 
2024/4/15, 19, 11, 35, 3, 
2024/4/16, 21, 10, 32, 5, 
2024/4/17, 22, 10, 34, 5, 
2024/4/18, 17, 9, 30, 5, 
2024/4/19, 17, 13, 34, 7, 
2024/4/20, 28, 16, 34, 10, 
2024/4/21, 37, 18, 22, 13, 
2024/4/22, 41, 14, 25, 12, 
2024/4/23, 36, 19, 29, 12, 
2024/4/24, 39, 14, 30, 10, 
2024/4/25, 33, 14, 34, 10, 
2024/4/26, 34, 8, 30, 8, 
2024/4/27, 26, 9, 38, 3, 
2024/4/28, 32, 13, 30, 2, 
2024/4/29, 22, 11, 39, 6, 
2024/4/30, 25, 8, 32, 12, 
2024/5/1, 24, 8, 35, 5, 
2024/5/2, 26, 8, 34, 2, 
2024/5/3, 22, 9, 39, 8, 
2024/5/4, 24, 11, 27, 13, 
2024/5/5, 37, 10, 27, 9, 
2024/5/6, 31, 18, 34, 10, 
2024/5/7, 46, 19, 34, 8, 
2024/5/8, 43, 15, 42, 7, 
2024/5/9, 43, 24, 49, 17, 
2024/5/10, 52, 24, 49, 15, 
2024/5/11, 58, 29, 42, 8, 
2024/5/12, 75, 13, 30, 9, 
2024/5/13, 23, 14, 29, 9, 
2024/5/14, 24, 13, 29, 7, 
2024/5/15, 23, 15, 28, 10, 
2024/5/16, 33, 13, 32, 9, 
2024/5/17, 40, 15, 27, 10, 
2024/5/18, 45, 22, 47, 10, 
2024/5/19, 47, 23, 43, 9, 
2024/5/20, 52, 17, 29, 9, 
2024/5/21, 36, 13, 27, 4, 
2024/5/22, 37, 12, 27, 4, 
2024/5/23, 22, 12, 31, 3, 
2024/5/24, 27, 13, 37, 6, 
2024/5/25, 34, 8, 28, 3, 
2024/5/26, 25, 10, 38, 2, 
2024/5/27, 25, 4, 24, 3, 
2024/5/28, 16, 14, 31, 3, 
2024/5/29, 34, 9, 31, 3, 
2024/5/30, 18, 13, 34, 5, 1
2024/5/31, 37, 31, 32, 7, 23
2024/6/1, 90, 16, 38, 5, 1
2024/6/2, 49, 8, 19, 3, 
2024/6/3, 22, 10, 27, 3, 
2024/6/4, 20, 17, 27, 3, 1
2024/6/5, 38, 13, 26, 3, 
2024/6/6, 34, 13, 30, 3, 
2024/6/7, 36, 8, 28, 3, 
2024/6/8, 20, 12, 28, 3, 
2024/6/9, 30, 8, 27, 2, 
2024/6/10, 14, 11, 31, 4, 
2024/6/11, 18, 13, 32, 4, 
2024/6/12, 23, 11, 27, 5, 
2024/6/13, 25, 7, 26, 3, 
2024/6/14, 14, 10, 29, 2, 
2024/6/15, 31, 8, 32, 1, 
2024/6/16, 25, 10, 31, 3, 
2024/6/17, 27, 12, 28, 6, 
2024/6/18, 24, 11, 34, 7, 
2024/6/19, 20, 14, 36, 8, 2
2024/6/20, 25, 14, 30, 3, 11
2024/6/21, 34, 7, 26, 2, 
2024/6/22, 22, 5, 22, 3, 
2024/6/23, 18, 10, 21, 6, 
2024/6/24, 21, 14, 35, 8, 
2024/6/25, 22, 17, 42, 8, 7
2024/6/26, 40, 17, 27, 1, 3
2024/6/27, 23, 14, 26, 1, 
2024/6/28, 20, 11, 28, 4, 
2024/6/29, 23, 9, 21, 2, 
2024/6/30, 20, 9, 23, 3, 
2024/1/1, 27, 14, 32, 3, 1
2024/1/2, 32, 12, 31, 4, 
2024/1/3, 28, 15, 23, 17, 
2024/1/4, 32, 11, 16, 14, 
2024/1/5, 27, 11, 15, 14, 
2024/1/6, 27, 16, 25, 13, 
2024/1/7, 32, 20, 26, 10, 
2024/1/8, 30, 20, 26, 7, 5
2024/1/9, 32, 10, 27, 7, 2
2024/1/10, 26, 11, 24, 9, 
2024/1/11, 35, 19, 23, 10, 
2024/1/12, 42, 19, 16, 12, 
2024/1/13, 61, 12, 22, 13, 
2024/1/14, 42, 27, 20, 18, 
2024/1/15, 33, 20, 18, 19, 1
2024/1/16, 45, 26, 20, 16, 1
2024/1/17, 49, 29, 14, 23, 1
2024/1/18, 49, 22, 19, 17, 1
2024/1/19, 48, 13, 26, 4, 1
2024/1/20, 32, 16, 30, 2, 2
2024/1/21, 34, 22, 31, 1, 2
2024/1/22, 42, 15, 31, 4, 1
2024/1/23, 30, 39, 33, 4, 1
2024/1/24, 63, 11, 26, 7, 2
2024/1/25, 26, 18, 30, 6, 2
2024/1/26, 31, 19, 19, 10, 2
2024/1/27, 38, 21, 19, 8, 2
2024/1/28, 44, 22, 26, 7, 2
2024/1/29, 51, 16, 23, 10, 1
2024/1/30, 31, 13, 30, 7, 1
2024/1/31, 32, , 25, 9, 2
2024/2/1, 36, , 26, 2, 2
2024/2/2, 18, , 24, 2, 2
2024/2/3, 27, , 27, 1, 2
2024/2/4, 33, 20, 27, 1, 2
2024/2/5, 47, 18, 27, 1, 2
2024/2/6, 78, 18, 25, 13, 2
2024/2/7, 43, 9, 22, 13, 2
2024/2/8, 33, 7, 26, 6, 2
2024/2/9, 31, 17, 25, 11, 3
2024/2/10, 56, 13, 21, 6, 2
2024/2/11, 56, 10, 21, 8, 1
2024/2/12, 34, 10, 26, 6, 
2024/2/13, 27, 8, 23, 6, 
2024/2/14, 17, 14, 15, 9, 
2024/2/15, 35, 15, 28, 4, 
2024/2/16, 39, 9, 19, 6, 
2024/2/17, 26, 8, 19, 5, 
2024/2/18, 32, 18, 28, 5, 
2024/2/19, 37, 12, 26, 3, 
2024/2/20, 25, 11, 32, 2, 1
2024/2/21, 26, 9, 29, 7, 1
2024/2/22, 28, 9, 25, 11, 1
2024/2/23, 26, 13, 25, 14, 1
2024/2/24, 38, 13, 27, 8, 1
2024/2/25, 40, 10, 29, 5, 
2024/2/26, 24, 10, 25, 9, 
2024/2/27, 29, 9, 27, 8, 
2024/2/28, 36, 11, 28, 6, 
2024/2/29, 22, 9, 33, 9, 
2024/3/1, 25, 6, 27, 8, 
2024/3/2, 31, 15, 25, 17, 
2024/3/3, 45, 19, 28, 14, 
2024/3/4, 41, 19, 21, 18, 
2024/3/5, 40, 21, 23, 17, 
2024/3/6, 46, 30, 21, 12, 
2024/3/7, 72, 37, 24, 10, 
2024/3/8, 80, 23, 23, 11, 
2024/3/9, 62, 19, 23, 13, 
2024/3/10, 60, 19, 21, 10, 
2024/3/11, 54, 9, 26, 3, 
2024/3/12, 31, 10, 27, 4, 3
2024/3/13, 26, 11, 30, 5, 
2024/3/14, 26, 15, 32, 4, 
2024/3/15, 37, 16, 19, 12, 
2024/3/16, 40, 11, 31, 3, 
2024/3/17, 31, 10, 29, 5, 
2024/3/18, 34, 8, 31, 6, 
2024/3/19, 23, 11, 21, 8, 
2024/3/20, 29, 10, 28, 5, 
2024/3/21, 40, 12, 30, 5, 
2024/3/22, 31, 11, 32, 3, 1
2024/3/23, 27, 12, 30, 2, 1
2024/3/24, 35, 14, 30, 8, 1
2024/3/25, 30, 12, 34, 12, 1
2024/3/26, 34, 8, 36, 5, 1
2024/3/27, 24, 8, 34, 6, 1
2024/3/28, 27, 9, 31, 5, 1
2024/3/29, 26, 13, 36, 10, 1
2024/3/30, 35, 11, 29, 7, 1
2024/3/31, 30, 8, 32, 9, 1
2023/10/1, 51, 13, 22, 9, 1
2023/10/2, 52, 10, 23, 4, 
2023/10/3, 42, 10, 26, 3, 
2023/10/4, 39, 10, 26, 4, 
2023/10/5, 44, 9, 27, 2, 
2023/10/6, 49, 12, 29, 4, 1
2023/10/7, 57, 13, 28, 14, 
2023/10/8, 56, 19, 24, 12, 
2023/10/9, 75, 18, 34, 3, 
2023/10/10, 73, 26, 24, 4, 
2023/10/11, 63, 10, 21, 10, 
2023/10/12, 52, 14, 28, 5, 
2023/10/13, 51, 9, 23, 7, 
2023/10/14, 45, 9, 24, 13, 
2023/10/15, 44, 14, 15, 13, 
2023/10/16, 46, 13, 22, 10, 3
2023/10/17, 42, 12, 14, 11, 1
2023/10/18, 29, 13, 23, 11, 1
2023/10/19, 29, 11, 20, 11, 1
2023/10/20, 27, 6, 12, 7, 
2023/10/24, 26, 12, 23, 10, 
2023/10/25, 36, 12, 23, 11, 
2023/10/26, 32, 10, 24, 10, 
2023/10/27, 21, 12, 24, 8, 
2023/10/28, 32, 11, 26, 3, 
2023/10/29, 26, 12, 22, 6, 2
2023/10/30, 22, 8, 22, 8, 
2023/10/31, 23, 12, 29, 3, 
2023/11/1, 24, 9, 30, 4, 
2023/11/2, 20, 11, 23, 8, 
2023/11/3, 32, 15, 25, 10, 
2023/11/4, 35, 12, 27, 5, 
2023/11/5, 39, 14, 22, 11, 
2023/11/6, 39, 13, 24, 12, 
2023/11/7, 41, 16, 25, 10, 
2023/11/8, 36, 9, 26, 6, 
2023/11/9, 25, 10, 21, 13, 
2023/11/10, 24, 13, 16, 15, 
2023/11/11, 28, 13, 22, 11, 
2023/11/12, 40, 20, 30, 2, 
2023/11/13, 43, 20, 29, 4, 
2023/11/14, 39, 19, 21, 11, 
2023/11/15, 37, 17, 22, 14, 
2023/11/16, 39, 12, 26, 15, 
2023/11/17, 39, 18, 29, 3, 
2023/11/18, 40, 22, 31, , 
2023/11/19, 50, 9, 25, 6, 
2023/11/20, 25, 8, 15, 7, 
2023/11/21, 20, 12, 19, 8, 
2023/11/22, 36, 10, 22, 2, 
2023/11/23, 28, 16, 22, 11, 
2023/11/24, 33, 21, 11, 17, 
2023/11/25, 45, 20, 20, 15, 
2023/11/26, 58, 6, 17, 8, 
2023/11/27, 17, 21, 15, 13, 1
2023/11/28, 42, 23, 12, 12, 
2023/11/29, 50, 16, 13, 10, 
2023/11/30, 52, 22, 9, 13, 1
2023/12/1, 61, 24, 3, 14, 
2023/12/2, 73, 13, 17, 17, 
2023/12/3, 51, 6, 14, 12, 
2023/12/4, 21, 14, 11, 14, 
2023/12/5, 31, 20, 20, 14, 
2023/12/6, 41, 15, 26, 9, 
2023/12/7, 29, 20, 26, 5, 
2023/12/8, 40, 17, 28, 2, 
2023/12/9, 40, 23, 32, 1, 
2023/12/10, 44, 19, 29, 6, 
2023/12/11, 42, 11, 24, 6, 
2023/12/12, 35, 10, 15, 9, 
2023/12/13, 24, 24, 4, 20, 
2023/12/14, 60, 23, 21, 14, 
2023/12/15, 47, 4, 23, 4, 
2023/12/16, 25, 12, 27, 4, 
2023/12/17, 30, 11, 26, 7, 
2023/12/18, 28, 8, 28, 10, 1
2023/12/19, 23, 12, 24, 3, 1
2023/12/20, 32, 8, 26, 2, 1
2023/12/21, 28, 11, 25, 2, 1
2023/12/22, 27, 7, 32, 1, 1
2023/12/23, 21, 3, 32, 1, 1
2023/12/24, 13, 6, 30, 1, 1
2023/12/25, 16, 15, 23, 8, 1
2023/12/26, 32, 10, 32, 2, 1
2023/12/27, 21, 25, 31, 2, 1
2023/12/28, 46, 11, 27, 4, 1
2023/12/29, 29, 9, 27, 4, 1
2023/12/30, 23, 12, 29, 2, 2
2023/12/31, 26, 12, 33, 4, 1
2023/7/1, 57, 18, 28, 1, 1
2023/7/2, 54, 16, 26, 2, 1
2023/7/3, 42, 9, 21, 5, 1
2023/7/4, 42, 8, 26, 2, 1
2023/7/5, 45, 11, 28, 2, 
2023/7/6, 43, 13, 35, 7, 
2023/7/7, 44, 15, 31, 7, 
2023/7/8, 56, 15, 28, 5, 
2023/7/9, 49, 13, 24, 4, 
2023/7/10, 45, 10, 24, 2, 
2023/7/11, 48, 12, 29, 1, 
2023/7/12, 43, 9, 29, 1, 
2023/7/13, 37, 11, 23, 6, 9
2023/7/14, 38, 10, 25, 1, 
2023/7/15, 41, 12, 24, , 
2023/7/16, 42, 9, 22, 2, 
2023/7/17, 34, 10, 26, 5, 
2023/7/18, 25, 9, 27, 3, 
2023/7/19, 30, 10, 25, 9, 1
2023/7/20, 26, 10, 21, 4, 1
2023/7/21, 39, 5, 20, 2, 1
2023/7/22, 26, 6, 25, , 1
2023/7/23, 28, 8, 24, 7, 1
2023/7/24, 29, 7, 26, 5, 1
2023/7/25, 26, 8, 19, 5, 1
2023/7/26, 34, 4, 17, 1, 1
2023/7/27, 24, 6, 22, 1, 1
2023/7/28, 30, 11, 25, 1, 1
2023/7/29, 43, 10, 24, 1, 1
2023/7/30, 46, 12, 30, 1, 1
2023/7/31, 47, 12, 25, 3, 1
2023/8/1, 45, , 22, 5, 1
2023/8/2, 37, , 23, 5, 1
2023/8/7, 5, 4, 17, 2, 1
2023/8/8, 7, 10, 18, 7, 1
2023/8/9, 15, 11, 17, 9, 1
2023/8/10, 21, 13, 23, 4, 
2023/8/11, 26, 11, 21, 3, 
2023/8/12, 27, 9, 25, 3, 
2023/8/13, 19, 9, 24, 3, 
2023/8/14, 19, 9, 23, 4, 
2023/8/15, 26, 12, 29, 12, 
2023/8/16, 30, 19, 32, 10, 
2023/8/17, 43, 18, 29, 11, 
2023/8/18, 44, 10, 24, 1, 
2023/8/19, 28, 9, 20, 2, 
2023/8/20, 23, 10, 19, 3, 
2023/8/21, 18, 8, 25, 1, 
2023/8/22, 19, 13, 25, 10, 1
2023/8/23, 23, 10, 25, 5, 2
2023/8/24, 27, 6, 19, 5, 1
2023/8/25, 24, 5, 20, 5, 
2023/8/26, 24, 7, 23, 3, 
2023/8/27, 23, 5, 22, 4, 
2023/8/29, 22, 10, 19, 5, 
2023/8/30, 27, 10, 22, 13, 
2023/8/31, 30, 11, 22, 8, 
2023/9/1, 33, 11, 29, 11, 
2023/9/2, 35, 12, 40, 13, 
2023/9/3, 51, 14, 42, 13, 
2023/9/4, 43, 19, 49, 12, 
2023/9/5, 47, 32, 46, 21, 
2023/9/6, 69, 35, 53, 18, 1
2023/9/7, 67, 37, 40, 17, 1
2023/9/8, 65, 37, 35, 15, 1
2023/9/9, 85, 27, 41, 12, 
2023/9/10, 65, 10, 31, 3, 2
2023/9/11, 34, 8, 21, 6, 3
2023/9/12, 21, 11, 29, 8, 
2023/9/13, 31, 13, 21, 7, 
2023/9/14, 31, 18, 33, 15, 
2023/9/15, 46, 19, 21, 11, 
2023/9/16, 70, 16, 31, 8, 
2023/9/17, 59, 12, 23, 6, 
2023/9/18, 38, 10, 25, 2, 
2023/9/19, 38, 10, 27, 2, 1
2023/9/20, 40, 10, 21, 8, 1
2023/9/21, 32, 7, 22, 7, 
2023/9/22, 30, 9, 30, 4, 
2023/9/23, 39, 9, 28, 1, 
2023/9/24, 29, 20, 27, 4, 
2023/9/25, 47, 16, 27, 4, 
2023/9/26, 43, 18, 29, 8, 
2023/9/27, 48, 19, 28, 3, 
2023/9/28, 50, 13, 24, 5, 
2023/9/29, 45, 13, 23, 6, 1
2023/9/30, 52, 4, 21, 3, 1
2023/4/1, 40, 12, 27, 10, 
2023/4/2, 41, 22, 30, 12, 
2023/4/3, 49, 23, 30, 15, 
2023/4/4, 60, 14, 25, 8, 
2023/4/5, 57, 9, 32, 6, 
2023/4/6, 37, 18, 34, 16, 1
2023/4/7, 37, 15, 31, 12, 1
2023/4/8, 59, 17, 32, 8, 1
2023/4/9, 60, 14, 34, 2, 1
2023/4/10, 43, 12, 39, 3, 1
2023/4/11, 42, 9, 36, 2, 2
2023/4/12, 35, 13, 32, 3, 1
2023/4/13, 43, 8, 30, 13, 1
2023/4/14, 37, 9, 33, 8, 1
2023/4/15, 41, 14, 25, 9, 1
2023/4/16, 49, 22, 20, 15, 1
2023/4/17, 55, 20, 37, 8, 1
2023/4/18, 60, 23, 37, 7, 
2023/4/19, 63, 19, 42, 7, 1
2023/4/20, 41, 16, 33, 16, 1
2023/4/21, 46, 18, 31, 16, 1
2023/4/22, 66, 12, 35, 7, 1
2023/4/23, 51, 13, 28, 15, 1
2023/4/24, 43, 18, 37, 12, 1
2023/4/25, 43, 23, 33, 12, 1
2023/4/26, 52, 26, 27, 18, 1
2023/4/27, 61, 8, 26, 5, 1
2023/4/28, 46, 18, 26, 8, 1
2023/4/29, 65, 17, 29, 8, 1
2023/4/30, 73, 9, 30, 3, 1
2023/5/1, 40, 14, 28, 10, 1
2023/5/2, 49, 18, 34, 9, 1
2023/5/3, 49, 21, 29, 9, 2
2023/5/4, 63, 10, 25, 7, 2
2023/5/5, 46, 15, 26, 6, 2
2023/5/6, 46, 10, 27, 3, 1
2023/5/7, 53, 6, 21, 4, 1
2023/5/8, 36, 8, 22, 2, 2
2023/5/9, 36, 17, 28, 2, 2
2023/5/10, 42, 12, 30, 6, 1
2023/5/11, 29, 11, 30, 6, 1
2023/5/12, 42, 14, 28, 7, 2
2023/5/13, 56, 16, 26, 7, 2
2023/5/14, 66, 9, 31, 4, 1
2023/5/15, 35, 15, 30, 7, 1
2023/5/16, 32, 17, 31, 6, 1
2023/5/17, 44, 15, 31, 8, 1
2023/5/18, 48, 16, 30, 9, 
2023/5/19, 44, 16, 41, 7, 1
2023/5/20, 49, 14, 44, 7, 
2023/5/21, 44, 16, 38, 7, 1
2023/5/22, 53, 20, 29, 9, 1
2023/5/23, 50, 27, 37, 9, 1
2023/5/24, 59, 19, 37, 8, 
2023/5/25, 53, 19, 38, 9, 
2023/5/26, 56, 17, 40, 9, 1
2023/5/27, 58, 15, 37, 5, 1
2023/5/28, 53, 17, 36, 3, 
2023/5/29, 50, 18, 35, 4, 
2023/5/30, 51, 9, 28, 4, 1
2023/5/31, 39, 12, 36, 5, 1
2023/6/1, 52, 16, 37, 7, 1
2023/6/2, 47, 16, 36, 6, 1
2023/6/3, 54, 12, 36, 5, 1
2023/6/4, 49, 13, 34, 5, 
2023/6/5, 51, 14, 28, 6, 
2023/6/6, 51, 18, 42, 7, 
2023/6/7, 54, 19, 47, 6, 
2023/6/8, 57, 21, 45, 5, 
2023/6/9, 61, 25, 34, 9, 1
2023/6/10, 77, 19, 29, 6, 2
2023/6/11, 79, 16, 39, 5, 1
2023/6/12, 64, 23, 70, 10, 1
2023/6/13, 67, 21, 66, 9, 1
2023/6/14, 61, 26, 77, 14, 1
2023/6/15, 65, 24, 69, 12, 1
2023/6/16, 69, 20, 55, 11, 
2023/6/17, 65, 16, 30, 7, 1
2023/6/18, 61, 11, 33, 4, 1
2023/6/19, 53, 10, 32, 5, 1
2023/6/20, 51, 8, 31, 4, 6
2023/6/21, 37, 12, 31, 5, 1
2023/6/22, 32, 10, 26, 3, 
2023/6/23, 34, 10, 25, 4, 
2023/6/24, 37, 13, 34, 4, 
2023/6/25, 36, 14, 28, 2, 
2023/6/26, 37, 15, 26, 1, 
2023/6/27, 44, 11, 17, 2, 
2023/6/28, 45, 9, 28, 4, 
2023/6/29, 33, 8, 19, 2, 1
2023/6/30, 38, 21, 31, 1, 1
2023/1/2, 53, 10, 30, 5, 
2023/1/3, 39, 25, 31, , 
2023/1/4, 57, 13, 29, 4, 
2023/1/5, 41, 9, 29, 4, 
2023/1/6, 36, 10, 30, 3, 
2023/1/7, 42, 9, 30, 4, 
2023/1/8, 34, 17, 27, 4, 
2023/1/9, 48, 15, 32, 6, 
2023/1/10, 44, 19, 32, 3, 
2023/1/11, 52, 15, 32, 2, 
2023/1/12, 50, 20, 32, 4, 
2023/1/13, 51, 9, 28, 3, 
2023/1/14, 36, 13, 31, 7, 
2023/1/15, 43, 21, 25, 17, 
2023/1/16, 41, 21, 15, 23, 
2023/1/17, 47, 11, 17, 13, 5
2023/1/18, 38, , 14, 20, 
2023/1/19, 30, , 11, 25, 
2023/1/23, 89, 38, 1, 26, 1
2023/1/24, 107, 26, 24, 18, 
2023/1/25, 81, 19, 22, 16, 
2023/1/26, 29, 26, 20, 18, 
2023/1/27, 35, 26, 16, 17, 
2023/1/28, 54, 11, 27, 8, 
2023/1/29, 40, 20, 27, 12, 
2023/1/30, 45, 20, 28, 6, 
2023/1/31, 33, 22, 25, 6, 3
2023/2/1, 46, 10, 29, 1, 1
2023/2/2, 19, 9, 29, 3, 
2023/2/3, 23, 12, 22, 6, 
2023/2/4, 35, 28, 25, 15, 
2023/2/5, 37, 28, 14, 21, 1
2023/2/6, 65, 34, 5, 24, 1
2023/2/7, 80, 29, 19, 19, 1
2023/2/8, 75, 28, 24, 20, 
2023/2/9, 41, 15, 23, 15, 
2023/2/10, 43, 13, 22, 14, 
2023/2/11, 42, 34, 24, 15, 
2023/2/12, 54, 37, 23, 14, 
2023/2/13, 68, 40, 19, 23, 
2023/2/14, 93, 24, 19, 14, 
2023/2/15, 65, 4, 28, 4, 
2023/2/16, 18, 3, 30, 2, 
2023/2/17, 21, 12, 32, 1, 
2023/2/18, 31, 10, 32, 2, 
2023/2/19, 32, 2, 29, 2, 
2023/2/20, 18, 6, 21, 7, 
2023/2/21, 19, 13, 27, 10, 
2023/2/22, 28, 21, 27, 8, 
2023/2/23, 28, 19, 23, 13, 1
2023/2/24, 31, 20, 26, 8, 
2023/2/25, 31, 23, 28, 10, 
2023/2/26, 37, 19, 24, 10, 
2023/2/27, 39, 18, 26, 11, 
2023/2/28, 27, 11, 27, 9, 
2023/3/1, 27, 26, 28, 11, 
2023/3/2, 40, 22, 26, 13, 
2023/3/3, 37, 25, 25, 13, 
2023/3/4, 53, 13, 27, 8, 1
2023/3/5, 44, 11, 28, 5, 1
2023/3/6, 35, 12, 26, 14, 
2023/3/7, 25, 8, 24, 9, 1
2023/3/8, 34, 6, 23, 12, 
2023/3/9, 26, 16, 30, 12, 
2023/3/10, 24, 14, 25, 14, 
2023/3/11, 41, 22, 32, 3, 
2023/3/12, 48, 16, 33, 2, 
2023/3/13, 41, 11, 29, 5, 
2023/3/14, 25, 10, 24, 13, 
2023/3/15, 28, 10, 24, 6, 
2023/3/16, 29, 12, 22, 7, 
2023/3/17, 42, 7, 29, 5, 
2023/3/20, 27, 10, 31, 3, 
2023/3/21, 9, 19, 37, 3, 
2023/3/23, 38, 19, 36, 2, 
2023/3/24, 45, 20, 36, 5, 
2023/3/25, 51, 13, 32, 10, 
2023/3/26, 41, 24, 29, 13, 
2023/3/27, 46, 12, 26, 7, 
2023/3/28, 43, 7, 29, 7, 
2023/3/29, 39, 19, 36, 2, 
2023/3/30, 54, 7, 35, 3, 
2023/3/31, 39, 9, 23, 6, 
2022/10/1, 48, 12, 19, 8, 1
2022/10/2, 37, 12, 19, 11, 1
2022/10/3, 42, 5, 23, 3, 1
2022/10/4, 31, 8, 25, 2, 1
2022/10/5, 38, 14, 23, 7, 1
2022/10/6, 46, 14, 24, 4, 2
2022/10/7, 40, 14, 18, 9, 2
2022/10/8, 47, 11, 20, 7, 2
2022/10/9, 53, 13, 21, 9, 2
2022/10/10, 40, 23, 18, 18, 2
2022/10/11, 50, 16, 18, 11, 2
2022/10/12, 53, 16, 19, 13, 3
2022/10/13, 54, 8, 23, 7, 3
2022/10/14, 42, 10, 29, 3, 3
2022/10/15, 43, 13, 25, 9, 3
2022/10/16, 37, 17, 27, 7, 3
2022/10/17, 44, 16, 16, 13, 
2022/10/18, 47, 18, 17, 9, 3
2022/10/19, 54, 18, 23, 12, 4
2022/10/20, 57, 13, 23, 9, 4
2022/10/21, 47, 14, 24, 6, 4
2022/10/22, 51, 11, 22, 13, 4
2022/10/23, 47, 9, 26, 5, 1
2022/10/24, 41, 15, 23, 8, 
2022/10/25, 40, 17, 26, 3, 
2022/10/26, 44, 17, 20, 9, 
2022/10/27, 34, 13, 27, 5, 
2022/10/28, 38, 15, 23, 7, 
2022/10/29, 41, 15, 23, 3, 
2022/10/30, 42, 16, 26, 10, 
2022/10/31, 39, 10, 27, 4, 
2022/11/1, 34, 15, 27, 3, 
2022/11/2, 40, 8, 23, 12, 1
2022/11/3, 40, 15, 18, 12, 
2022/11/4, 53, 19, 19, 10, 
2022/11/5, 53, 21, 26, 9, 1
2022/11/6, 54, 14, 31, 3, 1
2022/11/7, 45, 10, 31, 3, 1
2022/11/8, 37, 11, 24, 6, 1
2022/11/9, 40, 8, 26, 4, 1
2022/11/10, 38, 10, 25, 5, 1
2022/11/11, 40, 20, 20, 13, 
2022/11/12, 55, 18, 10, 13, 
2022/11/13, 64, 16, 24, 10, 
2022/11/14, 57, 10, 26, 9, 
2022/11/15, 39, 9, 23, 13, 
2022/11/16, 31, 8, 22, 6, 
2022/11/17, 42, 14, 21, 11, 
2022/11/18, 47, 12, 18, 14, 
2022/11/19, 48, 13, 19, 10, 
2022/11/20, 51, 15, 23, 10, 
2022/11/21, 45, 20, 6, 20, 1
2022/11/22, 61, 14, 29, 5, 
2022/11/23, 44, 19, 28, 4, 
2022/11/24, 47, 18, 22, 11, 
2022/11/25, 49, 14, 23, 4, 
2022/11/26, 49, 27, 24, 11, 
2022/11/27, 59, 16, 21, 17, 
2022/11/28, 48, 15, 11, 19, 
2022/11/29, 52, 19, 14, 14, 
2022/11/30, 70, 21, 8, 17, 
2022/12/1, 72, 14, 7, 12, 
2022/12/2, 50, 13, 18, 8, 
2022/12/3, 52, 15, 16, 7, 
2022/12/4, 57, 13, 12, 9, 
2022/12/5, 52, 14, 14, 15, 
2022/12/6, 45, 24, 4, 26, 
2022/12/7, 59, 26, 11, 26, 
2022/12/8, 52, 22, 3, 25, 1
2022/12/9, 73, 23, 5, 28, 1
2022/12/10, 72, 14, 9, 19, 
2022/12/11, 64, 19, 11, 18, 
2022/12/12, 75, 24, 10, 13, 
2022/12/13, 81, 23, 12, 19, 
2022/12/14, 79, 27, 4, 37, 1
2022/12/15, 74, 32, 1, 33, 1
2022/12/16, 86, 27, 16, 23, 1
2022/12/17, 80, 12, 22, 11, 
2022/12/18, 51, 8, 24, 5, 
2022/12/19, 42, 18, 26, 7, 
2022/12/20, 47, 13, 24, 16, 
2022/12/21, 49, 9, 17, 10, 
2022/12/22, 47, 15, 27, 7, 
2022/12/23, 43, 18, 27, 4, 1
2022/12/24, 44, 12, 28, 2, 1
2022/12/25, 35, 11, 25, 12, 
2022/12/26, 36, 7, 32, 4, 
2022/12/27, 30, 11, 30, 2, 
2022/12/28, 34, 15, 29, 3, 
2022/12/29, 40, 14, 29, 3, 
2022/12/30, 43, 10, 30, 7, 
2022/12/31, 44, 16, 30, 2, 
2023/1/1, 46, 14, 23, 12, 
2022/7/1, 39, 7, 20, 2, 1
2022/7/2, 33, 8, 19, 3, 1
2022/7/3, 34, 10, 19, 4, 1
2022/7/4, 34, 10, 16, 5, 1
2022/7/5, 37, 9, 13, 3, 1
2022/7/6, 38, 11, 21, 4, 
2022/7/7, 37, 10, 21, 6, 1
2022/7/8, 40, 10, 24, 9, 
2022/7/9, 40, 14, 32, , 1
2022/7/10, 43, 14, 34, , 1
2022/7/11, 45, 12, 27, 7, 2
2022/7/12, 37, , 26, 6, 1
2022/7/15, 28, 12, 33, 10, 1
2022/7/16, 31, 13, 43, 6, 1
2022/7/17, 40, 20, 47, 17, 1
2022/7/18, 41, 29, 45, 11, 2
2022/7/19, 62, 17, 31, 5, 2
2022/7/20, 47, 13, 27, 7, 2
2022/7/21, 31, 16, 25, 6, 2
2022/7/22, 41, 9, 16, 3, 2
2022/7/23, 28, 8, 15, , 2
2022/7/24, 21, 8, 22, 2, 2
2022/7/25, 23, 8, 22, 5, 1
2022/7/26, 22, 11, 28, 7, 
2022/7/27, 31, 17, 27, 11, 1
2022/7/28, 40, 19, 43, 11, 1
2022/7/29, 51, 7, 20, 2, 1
2022/7/30, 36, 6, 14, 1, 1
2022/7/31, 32, 7, 20, 3, 1
2022/8/1, 31, 12, 7, , 1
2022/8/2, 36, 7, 18, , 1
2022/8/3, 30, 11, 17, 4, 1
2022/8/4, 37, 7, 21, 4, 
2022/8/5, 16, 14, 24, 6, 
2022/8/6, 43, 10, 28, 7, 
2022/8/7, 25, 14, 33, 10, 
2022/8/8, 35, 17, 40, 11, 
2022/8/9, 36, 20, 50, 17, 2
2022/8/10, 46, 18, 44, 15, 2
2022/8/11, 39, 24, 79, 16, 2
2022/8/12, 49, 27, 77, 16, 2
2022/8/13, 56, 22, 59, 12, 2
2022/8/14, 57, 23, 47, 12, 2
2022/8/15, 64, 19, 35, 15, 3
2022/8/16, 61, 12, 22, 6, 1
2022/8/17, 35, 9, 19, 5, 2
2022/8/18, 45, 11, 19, 3, 1
2022/8/19, 41, 12, 20, 2, 1
2022/8/20, 44, 12, 22, 2, 1
2022/8/21, 43, 7, 19, 5, 2
2022/8/22, 34, 6, 18, 3, 3
2022/8/23, 33, 7, 12, 6, 3
2022/8/24, 34, 9, 19, 8, 2
2022/8/25, 38, 10, 18, 8, 
2022/8/26, 41, 11, 27, 12, 1
2022/8/27, 49, 11, 25, 9, 1
2022/8/28, 41, 11, 27, 7, 2
2022/8/29, 36, 10, 30, 6, 1
2022/8/30, 35, 14, 29, 6, 
2022/8/31, 36, 13, 32, 7, 1
2022/9/1, 33, 19, 38, 12, 1
2022/9/2, 48, 17, 25, 7, 1
2022/9/3, 56, 19, 25, 6, 2
2022/9/4, 37, 18, 23, 8, 2
2022/9/5, 29, 15, 24, 4, 2
2022/9/6, 34, 16, 23, 3, 2
2022/9/7, 36, 12, 21, 6, 2
2022/9/8, 32, 7, 18, 5, 3
2022/9/9, 38, 10, 21, 10, 3
2022/9/10, 35, 11, 24, 8, 3
2022/9/11, 42, 20, 22, 17, 3
2022/9/12, 47, 12, 18, 11, 4
2022/9/13, 37, 15, 24, 10, 1
2022/9/14, 48, 9, 20, 7, 
2022/9/15, 29, 8, 22, 8, 
2022/9/16, 22, 8, 21, 8, 
2022/9/17, 22, 8, 22, 7, 
2022/9/18, 28, 8, 19, 9, 1
2022/9/19, 33, 13, 22, 12, 1
2022/9/20, 39, 12, 26, 11, 1
2022/9/21, 51, 11, 29, 10, 1
2022/9/22, 48, 8, 19, 10, 2
2022/9/23, 29, 8, 26, 9, 2
2022/9/24, 25, 7, 23, 7, 2
2022/9/25, 32, 11, 23, 4, 2
2022/9/26, 31, 13, 23, 6, 2
2022/9/27, 39, 10, 18, 8, 2
2022/9/28, 28, 11, 19, 12, 3
2022/9/29, 27, 10, 20, 8, 1
2022/9/30, 30, 17, 22, 3, 1
2022/4/1, 17, 16, 33, 17, 1
2022/4/2, 29, 16, 35, 11, 1
2022/4/3, 49, 9, 34, 5, 1
2022/4/4, 27, 13, 35, 3, 2
2022/4/5, 31, 13, 36, 1, 
2022/4/6, 31, 15, 33, 3, 2
2022/4/7, 33, 16, 26, 15, 2
2022/4/8, 29, 10, 32, 6, 
2022/4/9, 31, 15, 35, 12, 1
2022/4/10, 41, 25, 30, 16, 2
2022/4/11, 46, 21, 20, 12, 1
2022/4/12, 62, 9, 27, 5, 1
2022/4/13, 38, 19, 26, 15, 
2022/4/14, 45, 15, 27, 9, 1
2022/4/15, 45, 20, 31, 10, 1
2022/4/16, 62, 20, 35, 11, 1
2022/4/17, 60, 13, 37, 2, 2
2022/4/18, 26, 13, 32, 13, 2
2022/4/19, 34, 19, 37, 10, 2
2022/4/20, 57, 21, 28, 10, 3
2022/4/21, 47, 21, 32, 7, 
2022/4/22, 52, 22, 80, 5, 1
2022/4/23, 56, 20, 36, 6, 1
2022/4/24, 55, 18, 34, 12, 1
2022/4/25, 42, 18, 34, 11, 
2022/4/26, 40, 16, 31, 9, 
2022/4/27, 36, 20, 30, 12, 
2022/4/28, 39, 26, 32, 14, 1
2022/4/29, 56, 18, 52, 10, 1
2022/4/30, 52, 14, 28, 4, 1
2022/5/1, 52, 19, 19, 12, 1
2022/5/2, 63, 25, 22, 14, 1
2022/5/3, 71, 13, 21, 3, 1
2022/5/4, 45, 15, 24, 5, 1
2022/5/5, 45, 8, 28, 2, 1
2022/5/6, 24, 10, 23, 7, 1
2022/5/7, 26, 13, 24, 7, 1
2022/5/8, 44, 18, 24, 7, 1
2022/5/9, 39, 15, 28, 1, 1
2022/5/10, 30, 13, 28, 2, 1
2022/5/11, 26, 13, 28, 2, 
2022/5/12, 28, 17, 31, 1, 
2022/5/13, 30, 19, 34, 4, 
2022/5/14, 44, 13, 27, 8, 
2022/5/15, 35, 20, 23, 5, 
2022/5/16, 49, 22, 26, 7, 
2022/5/17, 37, 13, 26, 6, 
2022/5/18, 34, 13, 31, 7, 
2022/5/19, 40, 14, 29, 3, 
2022/5/20, 43, 14, 26, 2, 
2022/5/21, 43, 9, 27, 5, 
2022/5/22, 33, 9, 26, 3, 1
2022/5/23, 37, 9, 23, 4, 1
2022/5/24, 38, 13, 25, 2, 1
2022/5/25, 42, 16, 22, 1, 1
2022/5/26, 45, 14, 28, 5, 1
2022/5/27, 48, 12, 29, 8, 1
2022/5/28, 42, 11, 26, 9, 1
2022/5/29, 34, 10, 28, 6, 1
2022/5/30, 38, 10, 25, 5, 1
2022/5/31, 38, 12, 23, 8, 1
2022/6/1, 43, 11, 34, 10, 1
2022/6/2, 46, 18, 43, 13, 1
2022/6/3, 54, 13, 29, 4, 1
2022/6/4, 48, 8, 24, 6, 2
2022/6/5, 38, 9, 28, 10, 2
2022/6/6, 41, 13, 21, 10, 
2022/6/7, 43, 15, 23, 1, 
2022/6/8, 45, 17, 17, 3, 
2022/6/9, 49, 24, 24, 2, 
2022/6/10, 48, 21, 26, 2, 
2022/6/11, 31, 19, 28, 1, 
2022/6/12, 34, 12, 28, 4, 
2022/6/13, 28, 14, 36, 8, 
2022/6/14, 30, 16, 32, 8, 
2022/6/15, 39, 20, 38, 10, 1
2022/6/16, 41, 23, 38, 7, 1
2022/6/17, 50, 13, 18, 5, 1
2022/6/18, 48, 11, 21, 5, 1
2022/6/19, 34, 15, 32, 8, 2
2022/6/20, 44, 22, 40, 11, 2
2022/6/21, 57, 19, 49, 12, 2
2022/6/22, 55, 28, 38, 15, 2
2022/6/23, 52, 13, 29, 3, 2
2022/6/24, 51, 10, 24, 3, 2
2022/6/25, 39, 12, 23, 1, 2
2022/6/26, 34, 10, 22, 2, 1
2022/6/27, 36, 16, 23, 2, 
2022/6/28, 36, 9, 17, 1, 
2022/6/29, 34, 9, 19, 5, 
2022/6/30, 35, 8, 23, 3, 1
2022/1/3, 39, 11, 24, 9, 2
2022/1/4, 22, 15, 20, 14, 1
2022/1/5, 37, 12, 33, 9, 
2022/1/6, 25, 15, 31, 15, 
2022/1/7, 29, 13, 31, 9, 
2022/1/8, 32, 22, 27, 9, 1
2022/1/9, 37, 14, 15, 17, 1
2022/1/10, 36, 15, 10, 20, 1
2022/1/11, 35, 25, 3, 26, 1
2022/1/12, 58, 23, , 24, 1
2022/1/13, 60, , 5, 25, 1
2022/1/14, 60, , 2, 23, 
2022/1/15, 80, , 14, 17, 1
2022/1/16, 52, 32, 12, 29, 1
2022/1/17, 40, 35, , 26, 1
2022/1/18, 69, 17, 21, 17, 
2022/1/19, 38, 27, 18, 23, 
2022/1/20, 37, 21, 13, 26, 1
2022/1/21, 48, 19, 22, 23, 
2022/1/22, 48, 24, 22, 15, 
2022/1/23, 57, 33, 21, 18, 1
2022/1/24, 70, 35, 11, 20, 1
2022/1/25, 86, 27, 26, 14, 1
2022/1/26, 72, 12, 26, 12, 1
2022/1/27, 33, 10, 28, 13, 1
2022/1/28, 35, 12, 29, 9, 1
2022/1/29, 32, 15, 30, 12, 2
2022/1/30, 37, 16, 31, 7, 2
2022/1/31, 23, 13, 29, 4, 
2022/2/1, 34, 14, 25, 5, 2
2022/2/2, 31, 7, 33, 3, 2
2022/2/3, 18, 12, 32, 5, 
2022/2/4, 33, 17, 33, 5, 2
2022/2/5, 32, , 34, 3, 3
2022/2/6, 30, , 32, 4, 3
2022/2/7, 36, 13, 34, 6, 3
2022/2/8, 24, 12, 30, 8, 3
2022/2/9, 22, 16, 24, 12, 3
2022/2/10, 31, 18, 22, 14, 2
2022/2/11, 42, 12, 27, 5, 
2022/2/12, 30, 9, 32, 3, 
2022/2/13, 24, 8, 29, 5, 
2022/2/14, 33, 13, 33, 7, 
2022/2/15, 36, 18, 35, 1, 5
2022/2/16, 45, 27, 34, 3, 2
2022/2/17, 53, 17, 33, 2, 
2022/2/18, 42, 18, 30, 2, 
2022/2/19, 45, 27, 35, 1, 
2022/2/20, 61, 25, 33, 5, 
2022/2/21, 54, 22, 33, 5, 
2022/2/22, 54, 13, 31, 5, 
2022/2/23, 40, 11, 30, 5, 
2022/2/24, 34, 23, 27, 10, 
2022/2/25, 51, 27, 28, 14, 
2022/2/26, 58, 25, 24, 10, 
2022/2/27, 56, 14, 22, 11, 
2022/2/28, 44, 15, 24, 10, 
2022/3/1, 48, 23, 18, 17, 
2022/3/2, 68, 21, 33, 16, 
2022/3/3, 65, 10, 26, 13, 
2022/3/4, 34, 14, 31, 9, 
2022/3/5, 32, 12, 29, 6, 
2022/3/6, 39, 19, 28, 12, 
2022/3/7, 38, 35, 24, 11, 
2022/3/8, 75, 21, 29, 7, 
2022/3/9, 48, 17, 29, 10, 
2022/3/10, 38, 18, 25, 10, 
2022/3/11, 45, 15, 37, 5, 
2022/3/12, 35, 14, 33, 8, 
2022/3/13, 43, 19, 28, 20, 
2022/3/14, 50, 28, 17, 20, 
2022/3/15, 62, 24, 24, 17, 
2022/3/16, 63, 18, 29, 10, 1
2022/3/17, 36, 25, 26, 17, 1
2022/3/18, 43, 27, 32, 10, 2
2022/3/19, 52, 21, 30, 11, 1
2022/3/20, 49, 42, 23, 21, 1
2022/3/21, 79, 40, 31, 18, 3
2022/3/22, 72, 36, 34, 23, 2
2022/3/23, 68, 47, 36, 30, 1
2022/3/24, 81, 54, 42, 24, 1
2022/3/25, 103, 43, 42, 17, 1
2022/3/26, 77, 20, 28, 7, 
2022/3/27, 52, 27, 23, 14, 
2022/3/28, 61, 37, 21, 15, 
2022/3/29, 79, 31, 26, 12, 
2022/3/30, 77, 11, 29, 7, 
2022/3/31, 14, 13, 33, 10, 1
2021/10/1, 24, 11, 24, 5, 
2021/10/2, 20, 13, 7, 7, 
2021/10/3, 28, 10, , 5, 
2021/10/30, 28, 15, 30, 2, 
2021/10/31, 25, 13, 28, 10, 
2021/11/1, 28, 17, 11, 17, 
2021/11/2, 38, 16, 9, 20, 
2021/11/3, 25, 13, 17, 17, 
2021/11/4, 22, 27, 11, 17, 1
2021/11/5, 66, 8, 29, 4, 
2021/11/6, 28, 21, 22, 9, 1
2021/11/7, 46, 17, 24, 14, 
2021/11/8, 51, 7, 21, 7, 
2021/11/9, 18, 9, 16, 14, 1
2021/11/10, 26, 9, 22, 8, 1
2021/11/11, 28, 12, 27, 3, 
2021/11/12, 32, 9, 19, 11, 1
2021/11/13, 26, 15, 17, 17, 1
2021/11/14, 32, 27, 2, 16, 1
2021/11/15, 67, 17, 15, 11, 2
2021/11/16, 51, 23, 15, 18, 2
2021/11/17, 45, 13, 25, 10, 2
2021/11/18, 35, 10, 21, 9, 3
2021/11/19, 36, 13, 20, 13, 3
2021/11/20, 40, 10, 23, 11, 3
2021/11/21, 19, 19, 24, 13, 
2021/11/22, 28, 23, 9, 26, 
2021/11/23, 40, 20, 19, 19, 
2021/11/24, 41, 19, 22, 15, 
2021/11/25, 23, 9, 26, 8, 1
2021/11/26, 22, 13, 27, 4, 
2021/11/27, 18, 11, 25, 10, 
2021/11/28, 27, 16, 15, 21, 
2021/11/29, 43, 8, 32, 5, 
2021/11/30, 25, 11, 27, 6, 
2021/12/1, 23, 21, 17, 19, 
2021/12/2, 30, 18, 16, 24, 
2021/12/3, 45, 11, 24, 8, 1
2021/12/4, 30, 11, 26, 7, 
2021/12/5, 21, 11, 19, 11, 1
2021/12/6, 33, 18, 31, 10, 1
2021/12/7, 30, 18, 31, 3, 2
2021/12/8, 34, 15, 25, 11, 2
2021/12/9, 33, 13, 26, 11, 2
2021/12/10, 27, 16, 24, 12, 2
2021/12/11, 38, 8, 26, 5, 2
2021/12/12, 20, 9, 24, 8, 2
2021/12/13, 25, 10, 24, 7, 2
2021/12/14, 31, 16, 21, 8, 1
2021/12/15, 44, 31, 20, 24, 
2021/12/16, 46, 23, 21, 16, 
2021/12/17, 53, 11, 14, 10, 
2021/12/18, 35, 11, 13, 9, 
2021/12/19, 33, 13, 20, 14, 1
2021/12/20, 23, 31, 21, 17, 
2021/12/21, 57, 31, 11, 20, 
2021/12/22, 69, 19, 19, 13, 
2021/12/23, 58, 15, 12, 21, 
2021/12/24, 37, 13, 19, 9, 1
2021/12/25, 30, 12, 11, 15, 1
2021/12/26, 31, 14, 20, 15, 1
2021/12/27, 33, 14, 31, 6, 1
2021/12/28, 34, 16, 24, 4, 1
2021/12/29, 36, 12, 23, 4, 2
2021/12/30, 26, 20, 23, 4, 2
2021/12/31, 43, , , , 
2021/7/1, 56, 18, 27, 6, 1
2021/7/2, 44, 12, 24, 5, 1
2021/7/3, 32, 10, 18, 2, 
2021/7/4, 16, 14, 21, 4, 
2021/7/5, 22, 13, 19, 3, 
2021/7/6, 19, 11, 23, 2, 
2021/7/7, 21, 13, 23, 4, 1
2021/7/8, 27, 10, 18, 3, 
2021/7/9, 24, 6, 21, 5, 
2021/7/10, 18, 9, 16, 5, 
2021/7/11, 22, 14, 15, 9, 
2021/7/12, 34, 13, 21, 7, 
2021/7/13, 32, 12, 21, 5, 
2021/7/14, 26, 2, 25, 9, 
2021/7/15, 23, , 35, 12, 
2021/7/19, 48, 22, 32, 9, 
2021/7/20, 54, 23, 37, 16, 
2021/7/21, 51, 26, 51, 14, 
2021/7/22, 57, 28, 32, 12, 
2021/7/23, 49, 18, 22, 7, 
2021/7/24, 41, 17, 29, 5, 
2021/7/25, 46, 20, 24, 5, 1
2021/7/26, 44, 15, , 7, 
2021/7/27, 23, 10, 18, 2, 
2021/7/28, 24, 13, 17, 3, 
2021/7/29, 24, 11, 22, 4, 
2021/7/30, 17, 8, 19, 2, 
2021/7/31, 19, 8, 22, 5, 
2021/8/1, 23, 13, 22, 11, 
2021/8/2, 27, 12, 27, 10, 
2021/8/3, 30, 12, 30, 8, 
2021/8/4, 36, 11, 21, 4, 
2021/8/5, 30, 13, 19, 2, 
2021/8/6, 26, 12, 21, 2, 1
2021/8/7, 28, 16, 26, 1, 3
2021/8/8, 32, 9, 15, 3, 5
2021/8/9, 26, 10, 22, 3, 6
2021/8/10, 25, 10, 18, 4, 8
2021/8/11, 27, 13, 17, 5, 4
2021/8/12, 26, 18, 18, 2, 1
2021/8/13, 34, 11, 20, 2, 
2021/8/14, 30, 9, 21, 3, 
2021/8/15, 22, 13, 27, 5, 
2021/8/16, 31, 9, 21, 3, 
2021/8/17, 27, 10, 24, 3, 
2021/8/18, 32, 10, 21, 4, 
2021/8/19, 22, 8, 15, 8, 
2021/8/20, 19, 10, 17, 11, 
2021/8/21, 25, 10, 17, 4, 
2021/8/22, 32, 13, 19, 12, 
2021/8/23, 41, 14, 28, 8, 
2021/8/24, 30, 10, 19, 9, 
2021/8/25, 28, 18, 29, 13, 
2021/8/26, 43, 15, 25, 14, 
2021/8/27, 28, 16, 25, 12, 
2021/8/28, 32, 17, 31, 13, 
2021/8/29, 44, 15, 24, 8, 
2021/8/30, 30, 12, 24, 9, 
2021/8/31, 23, 14, 24, 9, 
2021/9/1, 26, 17, 26, 9, 
2021/9/2, 32, 24, 36, 13, 1
2021/9/3, 42, 23, 39, 12, 
2021/9/4, 45, 32, 30, 14, 
2021/9/6, 55, 26, 45, 20, 1
2021/9/7, 52, 24, 36, 12, 1
2021/9/8, 49, 12, 20, 10, 1
2021/9/9, 28, 9, 25, 4, 
2021/9/10, 20, 13, 26, 2, 
2021/9/11, 19, 11, 27, 12, 2
2021/9/12, 23, 20, 22, 15, 1
2021/9/13, 46, 21, 20, 13, 
2021/9/14, 41, 19, 26, 11, 
2021/9/15, 50, 11, 20, 7, 
2021/9/16, 29, 9, 20, 7, 
2021/9/17, 24, 16, 22, 12, 1
2021/9/18, 40, 9, 19, 4, 1
2021/9/19, 17, 19, 19, 10, 
2021/9/20, 18, 18, 19, 10, 
2021/9/21, 26, 10, 25, 7, 
2021/9/22, 29, 7, 23, 3, 
2021/9/23, 16, 13, 17, 5, 
2021/9/24, 25, 8, 17, 5, 
2021/9/25, 18, 11, 24, 4, 
2021/9/26, 27, 13, 27, 4, 
2021/9/27, 20, 12, 23, 7, 
2021/9/28, 19, 11, 20, 7, 
2021/9/29, 24, 12, 25, 5, 
2021/9/30, 16, 14, 28, 5, 
2021/4/1, 60, 16, 30, 6, 
2021/4/2, 34, 24, 31, 9, 
2021/4/3, 49, 28, 33, 7, 1
2021/4/4, 69, 13, 33, 3, 
2021/4/5, 25, 12, 29, 6, 
2021/4/6, 16, 17, 30, 6, 
2021/4/7, 21, 10, 29, 5, 
2021/4/8, 24, 14, 27, 8, 1
2021/4/9, 15, 14, 29, 6, 
2021/4/10, 30, 17, 30, 10, 1
2021/4/11, 32, 15, 27, 11, 1
2021/4/12, 23, 19, 27, 15, 1
2021/4/13, 41, 31, 26, 19, 1
2021/4/14, 53, 20, 33, 18, 
2021/4/15, 30, 23, 32, 20, 
2021/4/16, 38, 23, 36, 15, 
2021/4/17, 54, 24, 40, 11, 
2021/4/18, 63, 29, 42, 15, 
2021/4/19, 64, 36, 39, 21, 
2021/4/20, 65, 36, 36, 12, 
2021/4/21, 72, 25, 30, 12, 
2021/4/22, 38, 27, 32, 16, 
2021/4/23, 41, 23, 41, 12, 
2021/4/24, 43, 17, 35, 6, 
2021/4/25, 35, 19, 34, 12, 
2021/4/26, 38, 24, 34, 12, 
2021/4/27, 48, 22, 29, 14, 
2021/4/28, 59, 21, 31, 14, 
2021/4/29, 45, 19, 32, 17, 
2021/4/30, 44, 21, 32, 15, 
2021/5/1, 52, 17, 35, 11, 
2021/5/2, 43, 11, 35, 3, 
2021/5/3, 25, 12, 31, 4, 
2021/5/4, 23, 8, 26, 6, 
2021/5/5, 19, 14, 29, 13, 
2021/5/6, 21, 15, 32, 9, 
2021/5/7, 26, 10, 29, 5, 
2021/5/8, 16, 10, 28, 4, 
2021/5/9, 19, 15, 28, 4, 
2021/5/10, 28, 14, 32, 9, 
2021/5/11, 24, 13, 29, 8, 
2021/5/12, 24, 11, 27, 13, 
2021/5/13, 28, 15, 33, 11, 
2021/5/14, 36, 15, 30, 5, 
2021/5/15, 33, 11, 28, 6, 
2021/5/16, 17, 11, 29, 5, 
2021/5/17, 31, 10, 29, 5, 
2021/5/18, 21, 10, 30, 4, 
2021/5/19, 17, 16, 30, 4, 
2021/5/20, 24, 14, 29, 2, 
2021/5/21, 33, 10, 31, 3, 
2021/5/22, 26, 9, 34, 3, 
2021/5/23, 18, 10, 30, 4, 
2021/5/24, 14, 12, 27, 5, 
2021/5/25, 27, 10, 29, 5, 
2021/5/26, 23, 16, 35, 11, 1
2021/5/27, 30, 17, 31, 15, 1
2021/5/28, 38, 19, 37, 13, 1
2021/5/29, 49, 16, 39, 12, 1
2021/5/30, 41, 21, 41, 10, 1
2021/5/31, 51, 22, 47, 18, 2
2021/6/1, 47, 25, 40, 16, 1
2021/6/2, 51, 18, 32, 3, 1
2021/6/3, 37, 14, 26, 7, 1
2021/6/4, 22, 14, 24, 4, 1
2021/6/5, 41, 7, 23, 2, 1
2021/6/6, 21, 13, 24, 3, 1
2021/6/7, 26, 14, 28, 5, 1
2021/6/8, 28, 13, 15, 5, 1
2021/6/9, 32, 6, 10, 3, 
2021/6/10, 14, 8, 17, , 
2021/6/11, 18, 19, 22, , 
2021/6/12, 49, 16, 33, 5, 
2021/6/13, 35, 14, 19, 4, 1
2021/6/14, 39, 16, 32, 8, 1
2021/6/15, 30, 17, 22, 4, 1
2021/6/16, 30, 17, 23, 8, 
2021/6/17, 33, 16, 24, 8, 
2021/6/18, 23, 12, 22, 10, 1
2021/6/19, 24, 10, 19, 4, 
2021/6/20, 21, 12, 23, 6, 1
2021/6/21, 24, 16, 25, 7, 
2021/6/22, 33, 20, 26, 7, 1
2021/6/23, 47, 16, 24, 5, 1
2021/6/24, 39, 9, 17, 3, 1
2021/6/25, 21, 12, 31, 8, 1
2021/6/26, 25, 12, 25, 3, 1
2021/6/27, 33, 10, 22, 5, 1
2021/6/28, 24, 17, 20, 9, 1
2021/6/29, 42, 25, 28, 10, 1
2021/6/30, 54, 23, 25, 6, 1
2021/1/4, 24, 10, 19, 8, 1
2021/1/5, 29, 13, 11, 10, 1
2021/1/6, 48, 23, 3, 19, 1
2021/1/7, 62, 17, 10, 20, 1
2021/1/8, 54, 18, 14, 14, 1
2021/1/9, 57, 20, 18, 16, 1
2021/1/10, 64, 9, 31, 6, 1
2021/1/11, 17, 9, 31, 15, 1
2021/1/12, 21, 7, 30, 6, 
2021/1/13, 23, 4, 29, 6, 1
2021/1/14, 5, , 13, 15, 1
2021/1/18, 16, 4, 28, 3, 1
2021/1/19, 11, 6, 29, 5, 1
2021/1/20, 11, 8, 28, 2, 
2021/1/21, 14, 17, 15, 23, 
2021/1/22, 33, 16, 18, 19, 
2021/1/23, 49, 14, 25, 17, 
2021/1/24, 39, 21, 20, 20, 
2021/1/25, 33, 13, 17, 19, 
2021/1/26, 29, 9, 20, 13, 
2021/1/27, 16, 14, 30, 5, 
2021/1/28, 27, 21, 32, 5, 1
2021/1/29, 37, 8, 28, 6, 1
2021/1/30, 22, 12, 19, 8, 
2021/1/31, 28, 21, 11, 14, 
2021/2/1, 57, 19, 31, 8, 1
2021/2/2, 35, 16, 27, 10, 1
2021/2/3, 24, 15, 19, 19, 
2021/2/4, 26, 10, 20, 13, 1
2021/2/5, 20, 15, 17, 15, 1
2021/2/6, 42, 16, 30, 4, 
2021/2/7, 32, 15, 31, 7, 
2021/2/8, 19, 20, 27, 8, 
2021/2/9, 20, 23, 25, 14, 
2021/2/10, 30, 28, 24, 12, 
2021/2/11, 46, 32, 25, 12, 
2021/2/12, 56, 23, 24, 11, 
2021/2/13, 61, 22, 25, 8, 
2021/2/14, 43, 12, 26, 12, 1
2021/2/15, 21, 14, 30, 6, 
2021/2/16, 24, 15, 28, 6, 2
2021/2/17, 26, 17, 31, 4, 
2021/2/18, 31, 16, 29, 5, 1
2021/2/19, 26, 27, 27, 4, 1
2021/2/20, 59, 17, 25, 14, 
2021/2/21, 36, 14, 26, 15, 2
2021/2/22, 25, 18, 27, 6, 1
2021/2/23, 30, 18, 33, 5, 
2021/2/24, 37, 21, 31, 8, 
2021/2/25, 32, 22, 25, 15, 
2021/2/26, 39, 26, 24, 20, 1
2021/2/27, 48, 22, 25, 13, 2
2021/2/28, 54, 27, 19, 10, 1
2021/3/1, 64, 40, 15, 12, 1
2021/3/2, 92, 44, 6, 13, 2
2021/3/3, 117, 34, 16, 17, 3
2021/3/4, 79, 20, 29, 11, 3
2021/3/5, 21, 25, 31, 16, 4
2021/3/6, 30, 30, 24, 20, 4
2021/3/7, 61, 26, 26, 12, 5
2021/3/8, 62, 21, 28, 10, 3
2021/3/9, 48, 14, 30, 5, 
2021/3/10, 31, 21, 31, 2, 1
2021/3/11, 36, 15, 35, 2, 1
2021/3/12, 23, 15, 34, 2, 1
2021/3/13, 30, 18, 31, 1, 2
2021/3/14, 36, 19, 28, 8, 2
2021/3/15, 39, 14, 26, 8, 2
2021/3/16, 32, 31, 17, 20, 1
2021/3/17, 48, 24, 23, 15, 
2021/3/18, 44, 12, 22, 8, 
2021/3/19, 26, 14, 22, 10, 
2021/3/20, 35, 13, 25, 7, 
2021/3/21, 30, 22, 25, 11, 
2021/3/22, 44, 20, 31, 8, 
2021/3/23, 47, 19, 31, 4, 
2021/3/24, 37, 13, 32, 4, 
2021/3/25, 21, 12, 33, 2, 
2021/3/26, 23, 14, 34, 3, 
2021/3/27, 30, 12, 34, 2, 
2021/3/28, 21, 14, 28, 5, 
2021/3/29, 27, 32, 31, 21, 1
2021/3/30, 56, 44, 29, 24, 1
2021/3/31, 72, 32, 23, 10, 
2020/10/1, 15, 7, 25, 6, 
2020/10/2, 12, 6, 26, 4, 3
2020/10/3, 12, 8, 22, 4, 3
2020/10/4, 18, 12, 19, 7, 2
2020/10/5, 21, 10, 21, 3, 
2020/10/6, 25, 10, 18, 5, 1
2020/10/7, 19, 11, 19, 7, 1
2020/10/8, 14, 11, 21, 11, 1
2020/10/9, 22, 8, 21, 5, 1
2020/10/10, 22, 7, 19, 8, 
2020/10/11, 15, 8, 19, 10, 1
2020/10/12, 14, 8, 14, 10, 1
2020/10/13, 14, 15, 20, 9, 1
2020/10/14, 31, 16, 19, 13, 2
2020/10/19, 33, 17, 21, 6, 2
2020/10/20, 23, 16, 20, 11, 3
2020/10/21, 32, 10, 22, 7, 3
2020/10/22, 21, 10, 22, 8, 3
2020/10/23, 18, 10, 25, 3, 3
2020/10/24, 16, 9, 25, 3, 
2020/10/25, 15, 14, 22, 7, 3
2020/10/26, 22, 13, 26, 5, 3
2020/10/27, 22, 11, 26, 4, 
2020/10/28, 16, 15, 28, 4, 
2020/10/29, 19, 10, 26, 7, 
2020/10/30, 13, 18, 29, 3, 
2020/10/31, 34, 19, 29, 3, 1
2020/11/1, 29, 17, 29, 5, 1
2020/11/2, 29, 17, 25, 13, 1
2020/11/3, 31, 21, 11, 19, 1
2020/11/4, 37, 53, 12, 21, 1
2020/11/5, 68, 39, 11, 16, 1
2020/11/6, 89, 37, 6, 11, 1
2020/11/7, 84, 41, 15, 15, 
2020/11/8, 77, 19, 19, 14, 1
2020/11/9, 41, 10, 17, 11, 1
2020/11/10, 22, 14, 30, 7, 1
2020/11/11, 15, 14, 26, 7, 2
2020/11/12, 21, 14, 28, 8, 2
2020/11/13, 27, 14, 22, 5, 2
2020/11/14, 25, 14, 29, 3, 
2020/11/15, 21, 18, 29, 5, 2
2020/11/16, 29, 11, 29, 6, 2
2020/11/17, 18, 18, 32, 4, 3
2020/11/18, 25, 14, 28, 11, 3
2020/11/19, 27, 9, 26, 12, 
2020/11/20, 21, 9, 29, 2, 
2020/11/21, 20, 18, 18, 13, 
2020/11/22, 34, 13, 26, 12, 
2020/11/23, 31, 19, 24, 8, 
2020/11/24, 34, 18, 22, 16, 1
2020/11/25, 32, 24, 2, 24, 
2020/11/26, 51, 18, 3, 18, 
2020/11/27, 56, 26, 2, 14, 
2020/11/28, 78, 36, 10, 14, 
2020/11/29, 93, 18, 20, 12, 
2020/11/30, 52, 21, 14, 17, 
2020/12/1, 25, 21, 15, 18, 
2020/12/2, 35, 7, 20, 14, 
2020/12/3, 18, 9, 19, 9, 
2020/12/4, 21, 11, 17, 13, 1
2020/12/5, 28, 19, 8, 19, 1
2020/12/6, 45, 24, 4, 21, 1
2020/12/7, 61, 12, 15, 14, 1
2020/12/8, 32, 17, 17, 15, 1
2020/12/9, 35, 12, 22, 12, 1
2020/12/10, 17, 16, 19, 15, 1
2020/12/11, 39, 14, 16, 12, 1
2020/12/12, 33, 17, 23, 8, 1
2020/12/13, 27, 19, 27, 9, 1
2020/12/14, 35, 13, 24, 11, 1
2020/12/15, 23, 16, 26, 13, 2
2020/12/16, 27, 12, 21, 8, 
2020/12/17, 20, 8, 25, 4, 
2020/12/18, 13, 13, 26, 4, 
2020/12/19, 33, 11, 26, 7, 
2020/12/20, 18, 5, 28, 6, 1
2020/12/21, 14, 10, 20, 15, 
2020/12/22, 20, 10, 26, 13, 
2020/12/23, 24, 11, 24, 7, 
2020/12/24, 19, 13, 23, 9, 
2020/12/25, 27, 9, 30, 4, 
2020/12/26, 15, 12, 29, 4, 
2020/12/27, 19, 10, 19, 14, 
2020/12/28, 24, 10, 18, 14, 
2020/12/29, 22, 19, 14, 20, 1
2020/12/30, 36, 13, 12, 20, 1
2020/12/31, 28, , , , 
2020/7/1, 11, 9, 21, 1, 2
2020/7/2, 15, 10, 19, 2, 2
2020/7/3, 13, 5, 12, 1, 3
2020/7/4, 11, 16, 21, , 2
2020/7/5, 24, 13, 22, 3, 
2020/7/6, 17, 13, 18, 2, 
2020/7/7, 15, , 12, 1, 
2020/7/13, 14, 10, 18, 4, 
2020/7/14, 22, 8, 15, 3, 
2020/7/15, 19, 9, 15, 3, 
2020/7/16, 20, 10, 13, 2, 
2020/7/17, 22, 8, 13, 1, 
2020/7/18, 12, 9, 22, 3, 
2020/7/19, 16, 13, 15, 8, 
2020/7/20, 11, 12, 27, 7, 
2020/7/21, 20, 10, 26, 4, 
2020/7/22, 23, 7, 17, 2, 
2020/7/23, 13, 4, 14, 1, 
2020/7/24, 12, 7, 14, 1, 
2020/7/25, 14, 11, 14, 1, 
2020/7/26, 16, 11, 17, 2, 
2020/7/27, 16, 12, 20, 2, 
2020/7/28, 13, 12, 21, 5, 
2020/7/29, 18, 14, 30, 12, 
2020/7/30, 17, 18, 32, 10, 
2020/7/31, 32, 10, 21, 1, 
2020/8/1, 16, 8, 20, 3, 
2020/8/2, 12, 7, 19, 4, 
2020/8/3, 9, 8, 17, 4, 
2020/8/4, 13, 7, 19, 2, 
2020/8/5, 10, 7, 13, 5, 
2020/8/6, 15, 16, 15, 10, 
2020/8/7, 27, 12, 23, 6, 
2020/8/8, 35, 17, 29, 4, 
2020/8/9, 44, 33, 22, 8, 
2020/8/10, 67, 32, 36, 11, 
2020/8/11, 72, 27, 41, 13, 
2020/8/12, 66, 22, 35, 8, 
2020/8/13, 59, 30, 21, 10, 
2020/8/14, 72, 22, 20, 10, 
2020/8/15, 61, 10, 19, 8, 
2020/8/16, 25, 10, 28, 8, 
2020/8/17, 25, 5, 17, 2, 
2020/8/18, 10, 5, 15, 5, 1
2020/8/19, 13, 22, 24, 2, 
2020/8/20, 25, 17, 27, 2, 1
2020/8/21, 20, 14, 23, , 1
2020/8/22, 19, 13, 22, 1, 1
2020/8/23, 17, 8, 17, 3, 1
2020/8/24, 16, 12, 24, 1, 1
2020/8/25, 19, 14, 19, 2, 2
2020/8/26, 16, 14, 14, 13, 2
2020/8/27, 23, 7, 20, 6, 
2020/8/28, 12, 7, 20, 3, 
2020/8/29, 10, 9, 25, 7, 
2020/8/30, 15, 13, 29, 12, 2
2020/8/31, 28, 17, 29, 15, 2
2020/9/1, 32, 14, 22, 9, 3
2020/9/2, 34, 9, 19, 2, 3
2020/9/3, 15, 20, 21, 5, 3
2020/9/4, 32, 12, 20, 4, 3
2020/9/5, 23, 11, 16, 6, 3
2020/9/6, 22, 10, 19, 5, 3
2020/9/7, 18, 6, 21, 1, 4
2020/9/8, 10, 9, 22, 5, 3
2020/9/9, 13, 14, 24, 11, 1
2020/9/10, 14, 11, 20, 5, 
2020/9/11, 18, 11, 21, 2, 
2020/9/12, 14, 9, 16, 4, 
2020/9/13, 9, 20, 28, 18, 
2020/9/14, 28, 23, 24, 14, 
2020/9/15, 49, 28, 36, 11, 
2020/9/16, 65, 20, 23, 7, 
2020/9/17, 27, 19, 27, 7, 
2020/9/18, 24, 21, 32, 5, 
2020/9/19, 32, 22, 29, 5, 1
2020/9/20, 42, 29, 30, 15, 1
2020/9/21, 45, 30, 29, 10, 1
2020/9/22, 63, 8, 26, 5, 1
2020/9/23, 17, 10, 25, 6, 
2020/9/24, 18, 9, 22, 5, 1
2020/9/25, 13, 10, 21, 6, 1
2020/9/29, 26, 11, 18, 7, 2
2020/9/30, 16, 10, 25, 9, 3
2020/4/1, 34, 17, 27, 12, 1
2020/4/2, 26, 15, 31, 5, 1
2020/4/3, 24, 12, 34, 6, 1
2020/4/4, 37, 17, 34, 6, 1
2020/4/5, 40, 17, 31, 5, 1
2020/4/6, 27, 18, 35, 10, 1
2020/4/7, 34, 23, 39, 14, 1
2020/4/8, 43, 37, 50, 16, 1
2020/4/9, 74, 36, 48, 10, 1
2020/4/10, 77, 34, 47, 9, 1
2020/4/11, 83, 34, 38, 8, 1
2020/4/12, 82, 19, 33, 4, 1
2020/4/13, 26, 19, 36, 9, 
2020/4/14, 31, 25, 39, 10, 1
2020/4/15, 52, 37, 39, 13, 1
2020/4/16, 71, 28, 23, 10, 1
2020/4/17, 62, 9, 23, 5, 1
2020/4/18, 20, 20, 38, 4, 1
2020/4/19, 46, 19, 37, 4, 1
2020/4/20, 31, 24, 38, 5, 
2020/4/21, 35, 30, 41, 7, 2
2020/4/22, 49, 33, 45, 8, 2
2020/4/23, 59, 37, 55, 13, 2
2020/4/24, 70, 32, 43, 10, 2
2020/4/25, 70, 28, 38, 6, 2
2020/4/26, 63, 27, 31, 9, 2
2020/4/27, 59, 9, 24, 9, 2
2020/4/28, 32, 13, 30, 6, 2
2020/4/29, 30, 9, 32, 2, 2
2020/4/30, 18, 13, 31, 2, 3
2020/5/1, 24, 7, 29, 4, 3
2020/5/2, 21, 14, 33, 7, 3
2020/5/3, 31, 20, 36, 7, 
2020/5/4, 48, 20, 34, 7, 2
2020/5/5, 27, 20, 42, 10, 2
2020/5/6, 35, 27, 38, 13, 3
2020/5/7, 58, 23, 42, 10, 2
2020/5/8, 53, 18, 45, 9, 3
2020/5/9, 47, 15, 30, 3, 3
2020/5/10, 24, 16, 30, 4, 3
2020/5/11, 15, 15, 31, 7, 3
2020/5/12, 21, 12, 31, 7, 3
2020/5/13, 18, 13, 35, 7, 3
2020/5/14, 19, 11, 33, 5, 3
2020/5/15, 23, 9, 33, 3, 3
2020/5/16, 18, 12, 30, 1, 3
2020/5/17, 22, 13, 32, 1, 3
2020/5/18, 23, 10, 28, 2, 3
2020/5/19, 19, 18, 38, 8, 1
2020/5/20, 30, 17, 34, 8, 13
2020/5/21, 36, 30, 29, 1, 
2020/5/22, 39, 25, 28, , 
2020/5/23, 31, 23, 27, 1, 
2020/5/24, 34, 16, 29, 3, 1
2020/5/25, 31, 13, 23, 3, 1
2020/5/26, 23, 16, 33, 8, 1
2020/5/27, 27, 21, 41, 8, 1
2020/5/28, 31, 21, 47, 10, 1
2020/5/29, 24, 19, 54, 9, 1
2020/5/30, 37, 18, 51, 5, 1
2020/5/31, 36, 15, 42, 7, 1
2020/6/1, 24, 21, 44, 7, 1
2020/6/2, 39, 14, 33, 9, 
2020/6/3, 33, 10, 26, 3, 1
2020/6/4, 15, 10, 29, 3, 1
2020/6/5, 13, 7, 21, 1, 2
2020/6/6, 13, 9, 26, 4, 1
2020/6/7, 17, 13, 26, 5, 2
2020/6/8, 27, 15, 28, 4, 2
2020/6/9, 27, 13, 25, 6, 2
2020/6/10, 17, 14, 30, 4, 1
2020/6/11, 24, 14, 30, 7, 
2020/6/12, 34, 14, 26, 7, 
2020/6/13, 22, 8, 29, 5, 
2020/6/14, 18, 9, 28, 4, 
2020/6/15, 23, 14, 29, 8, 
2020/6/16, 26, 13, 31, 10, 
2020/6/17, 29, 9, 19, 12, 1
2020/6/18, 29, 7, 23, 2, 
2020/6/19, 14, 7, 24, 2, 
2020/6/20, 15, 19, 21, 1, 1
2020/6/21, 33, 16, 24, 2, 
2020/6/22, 26, 16, 33, 5, 1
2020/6/23, 29, 21, 57, 13, 1
2020/6/24, 45, 23, 54, 12, 1
2020/6/25, 50, 14, 37, 5, 1
2020/6/26, 37, 9, 22, 1, 1
2020/6/27, 14, 14, 23, , 2
2020/6/28, 16, 16, 23, 1, 1
2020/6/29, 18, 9, 21, 2, 1
2020/6/30, 12, 7, 22, 1, 2
2020/1/2, 41, 11, 24, 8, 4
2020/1/3, 41, 14, 19, 14, 4
2020/1/4, 36, 14, 25, 11, 4
2020/1/5, 15, 7, 23, 6, 4
2020/1/6, 25, 19, 23, 5, 5
2020/1/7, 26, 15, 24, 6, 5
2020/1/8, 41, 30, 21, 13, 5
2020/1/9, 25, 14, 18, 12, 5
2020/1/10, 24, 12, 25, 12, 5
2020/1/11, 13, 9, 27, 3, 5
2020/1/12, 11, 9, 27, 4, 5
2020/1/13, 13, 11, 27, 5, 6
2020/1/14, 16, 13, 26, 4, 6
2020/1/15, 9, 9, 22, 6, 6
2020/1/20, 58, 25, 3, 24, 7
2020/1/21, 41, 25, , 30, 
2020/1/22, 60, 20, 13, 24, 
2020/1/23, 63, 23, 13, 22, 
2020/1/24, 32, 13, 12, 21, 1
2020/1/25, 65, 29, 21, 18, 1
2020/1/26, 31, 15, 29, 8, 1
2020/1/27, 13, 9, 27, 9, 2
2020/1/28, 18, 8, 26, 2, 2
2020/1/29, 25, 16, 27, 10, 2
2020/1/30, 14, 7, 23, 8, 2
2020/1/31, 14, 4, 29, 10, 2
2020/2/1, 37, 26, 31, 3, 2
2020/2/2, 38, 24, 31, 4, 3
2020/2/3, 36, 24, 27, 6, 2
2020/2/4, 19, 19, 12, 9, 2
2020/2/5, 38, 29, 14, 26, 2
2020/2/6, 62, 34, 24, 26, 2
2020/2/7, 58, 26, 28, 17, 3
2020/2/8, 25, 18, 31, 4, 3
2020/2/9, 20, 20, , 1, 
2020/2/24, 15, 9, 27, 4, 3
2020/2/25, 12, 10, 28, 7, 2
2020/2/26, 15, 13, 28, 7, 2
2020/2/27, 26, 13, 23, 15, 2
2020/2/28, 18, 12, 32, 11, 3
2020/2/29, 19, 12, 30, 3, 3
2020/3/1, 14, 13, 27, 8, 3
2020/3/2, 14, 8, 23, 11, 2
2020/3/3, 24, 17, 20, 15, 2
2020/3/4, 20, 12, 20, 22, 2
2020/3/5, 41, 20, 22, 17, 2
2020/3/6, 41, 19, 29, 19, 2
2020/3/7, 37, 19, 33, 11, 2
2020/3/8, 17, 13, 30, 2, 3
2020/3/9, 24, 16, 31, 4, 3
2020/3/10, 10, 5, 35, 3, 3
2020/3/11, 16, 11, 30, 4, 3
2020/3/12, 23, 19, 29, 3, 3
2020/3/13, 25, 19, 27, 6, 3
2020/3/14, 15, 9, 30, 7, 4
2020/3/15, 13, 8, 26, 6, 3
2020/3/16, 21, 14, 25, 10, 2
2020/3/17, 15, 9, 23, 8, 3
2020/3/18, 11, 6, 27, 7, 1
2020/3/19, 14, 8, 26, 10, 
2020/3/20, 16, 11, 27, 6, 
2020/3/21, 18, 14, 27, 7, 
2020/3/22, 35, 16, 28, 7, 
2020/3/23, 46, 27, 30, 13, 
2020/3/24, 60, 32, 34, 15, 
2020/3/25, 67, 34, 34, 17, 1
2020/3/26, 68, 33, 39, 13, 
2020/3/27, 80, 39, 39, 9, 
2020/3/28, 47, 24, 34, 5, 
2020/3/29, 18, 14, 30, 2, 
2020/3/30, 16, 12, 33, 6, 
2020/3/31, 19, 13, 30, 6, 
2019/10/1, 21, 12, 17, 15, 1
2019/10/2, 19, 13, 18, 13, 
2019/10/3, 30, 20, 17, 7, 2
2019/10/4, 30, 13, 1, 13, 1
2019/10/5, 30, 8, 18, 9, 1
2019/10/6, 20, 16, 12, 9, 1
2019/10/7, 28, 15, 20, 4, 1
2019/10/8, 24, 9, 18, 10, 1
2019/10/9, 20, 14, 15, 11, 1
2019/10/10, 32, 7, 20, 7, 5
2019/10/11, 18, 6, 20, 6, 4
2019/10/12, 21, 5, 21, 10, 2
2019/10/13, 10, 9, 11, 18, 2
2019/10/14, 13, 12, 10, 16, 2
2019/10/15, 42, 12, 20, 10, 1
2019/10/16, 30, 10, 14, 13, 1
2019/10/17, 24, 8, 21, 8, 1
2019/10/18, 19, 11, 19, 13, 2
2019/10/19, 24, 9, 21, 13, 7
2019/10/20, 20, 13, 17, 16, 2
2019/10/21, 19, 18, 9, 15, 2
2019/10/22, 48, 35, 5, 22, 2
2019/10/23, 66, 16, 9, 13, 2
2019/10/24, 61, 10, 20, 7, 1
2019/10/25, 20, 10, 23, 9, 1
2019/10/26, 30, 12, 12, 17, 1
2019/10/27, 21, 13, 10, 16, 1
2019/10/28, 29, 12, 18, 12, 
2019/10/29, 18, 19, 18, 16, 1
2019/10/30, 33, 28, 6, 16, 1
2019/11/4, 21, 18, 13, 14, 1
2019/11/5, 33, 17, 13, 14, 
2019/11/6, 49, 16, 18, 19, 
2019/11/7, 30, 16, 16, 18, 
2019/11/8, 22, 16, 9, 23, 1
2019/11/9, 38, 13, 21, 11, 
2019/11/10, 20, 13, 22, 7, 
2019/11/11, 19, 11, 23, 6, 
2019/11/12, 16, 12, 17, 15, 
2019/11/13, 15, 7, 15, 18, 
2019/11/14, 13, 12, 18, 12, 
2019/11/15, 17, 18, 15, 16, 
2019/11/16, 44, 20, 10, 18, 
2019/11/17, 43, 23, 15, 22, 
2019/11/18, 33, 31, 7, 23, 1
2019/11/19, 56, 31, 19, 15, 
2019/11/20, 28, 23, 9, 14, 
2019/11/21, 59, 13, 13, 24, 1
2019/11/22, 26, 15, 10, 14, 1
2019/11/23, 40, 16, 5, 16, 1
2019/11/24, 45, 11, 17, 14, 2
2019/11/25, 18, 17, 19, 10, 1
2019/11/26, 36, 14, 20, 19, 2
2019/11/27, 23, 16, 13, 17, 2
2019/11/28, 26, 26, 17, 21, 2
2019/12/2, 67, 22, 8, 27, 2
2019/12/3, 55, 33, 3, 30, 1
2019/12/4, 75, 21, 17, 18, 2
2019/12/5, 48, 12, 25, 5, 2
2019/12/6, 19, 12, 19, 9, 2
2019/12/7, 22, , 29, 3, 2
2019/12/8, 23, 33, 26, 15, 3
2019/12/9, 26, 14, 21, 9, 3
2019/12/10, 19, 13, 20, 17, 4
2019/12/11, 22, 11, 23, 11, 3
2019/12/12, 17, 17, 25, 8, 1
2019/12/13, 22, 17, 28, 5, 1
2019/12/14, 24, 11, 28, 4, 1
2019/12/15, 13, 23, 24, 24, 2
2019/12/16, 41, 28, 2, 24, 2
2019/12/17, 57, 18, 20, 18, 2
2019/12/18, 35, 14, 24, 12, 2
2019/12/19, 21, 10, 23, 16, 3
2019/12/20, 25, 10, 21, 12, 3
2019/12/21, 20, 12, 21, 9, 4
2019/12/22, 24, 18, 21, 7, 3
2019/12/23, 34, 22, 27, 5, 3
2019/12/24, 34, 13, 15, 15, 3
2019/12/25, 29, 12, 22, 8, 3
2019/12/26, 27, 18, 12, 18, 3
2019/12/27, 34, 13, 15, 18, 4
2019/12/28, 28, 15, , 9, 
2019/7/1, 31, 11, 21, 11, 
2019/7/2, 37, 17, 33, 19, 
2019/7/3, 25, 23, 37, 14, 
2019/7/4, 41, 18, 31, 10, 
2019/7/5, 39, 10, 16, 9, 1
2019/7/6, 25, 12, 25, 6, 1
2019/7/7, 25, 15, 27, 9, 
2019/7/8, 33, 17, 17, 8, 1
2019/7/9, 32, 12, 28, 6, 
2019/7/10, 27, 8, 19, 3, 2
2019/7/11, 14, 8, 21, 6, 2
2019/7/12, 13, 7, 20, 9, 1
2019/7/13, 12, 12, 26, 8, 1
2019/7/14, 21, 14, 30, 14, 1
2019/7/15, 17, 17, 36, 10, 1
2019/7/16, 21, , 25, 6, 1
2019/7/19, 6, 9, 17, 2, 1
2019/7/20, 5, 8, 18, 5, 1
2019/7/21, 6, 8, 11, 3, 1
2019/7/22, 23, 21, 33, 14, 1
2019/7/23, 48, 13, 23, 5, 1
2019/7/24, 33, 16, 30, 13, 1
2019/7/25, 33, 17, 18, 4, 1
2019/7/26, 22, 11, 19, 8, 1
2019/7/27, 18, 9, 21, 3, 1
2019/7/28, 15, 14, 25, 12, 1
2019/7/29, 16, 11, 22, 7, 1
2019/7/30, 22, 11, 18, 3, 1
2019/7/31, 18, 14, 26, 12, 1
2019/8/1, 31, 18, 27, 16, 1
2019/8/2, 42, 19, 27, 15, 1
2019/8/3, 43, 13, 21, 9, 1
2019/8/4, 25, 10, 18, 2, 1
2019/8/5, 17, 11, 18, 3, 2
2019/8/6, 19, 9, 18, 4, 2
2019/8/7, 14, 12, 20, 12, 2
2019/8/8, 16, 14, 17, 3, 2
2019/8/9, 23, 18, 25, 1, 1
2019/8/10, 19, 11, 21, 3, 1
2019/8/11, 12, 9, 20, 7, 1
2019/8/12, 10, 7, 22, 7, 1
2019/8/13, 15, 8, 19, 4, 2
2019/8/14, 9, 11, 19, 4, 
2019/8/15, 16, 8, 14, 4, 
2019/8/16, 40, 15, 20, 3, 
2019/8/17, 18, 14, 21, 2, 
2019/8/18, 14, 13, 22, 4, 
2019/8/19, 21, 11, 22, 5, 
2019/8/20, 40, 9, 23, 5, 
2019/8/21, 41, 9, 20, 3, 
2019/8/22, 28, 10, 20, 8, 
2019/8/23, 24, 22, 41, 20, 
2019/8/24, 52, 21, 26, 11, 
2019/8/25, 63, 20, 20, 6, 
2019/8/26, 54, 18, 17, 10, 
2019/8/27, 57, 6, 15, 7, 
2019/8/28, 22, 11, 19, 7, 
2019/8/29, 21, 11, 17, 3, 
2019/8/30, 22, 8, 21, 3, 
2019/8/31, 17, 10, 23, 5, 
2019/9/1, 11, 11, 23, 9, 
2019/9/2, 17, 7, 22, 4, 
2019/9/3, 16, 9, 20, 3, 
2019/9/4, 12, 11, 21, 8, 
2019/9/5, 14, 10, 16, 7, 
2019/9/6, 13, 10, 16, 11, 
2019/9/7, 20, 11, 23, 8, 
2019/9/8, 15, 7, 11, 12, 4
2019/9/9, 20, 8, 16, 7, 9
2019/9/10, 14, 8, 16, 2, 2
2019/9/11, 12, 7, 13, 3, 15
2019/9/12, 17, 14, 21, 16, 1
2019/9/13, 19, 15, 25, 13, 
2019/9/14, 32, 13, 13, 7, 
2019/9/15, 42, 8, 11, 6, 1
2019/9/16, 38, 14, 19, 12, 1
2019/9/17, 20, 22, 18, 18, 6
2019/9/18, 31, 22, 20, 21, 4
2019/9/19, 38, 23, 25, 19, 
2019/9/20, 41, 24, 26, 19, 1
2019/9/24, 15, 5, 15, 5, 5
2019/9/25, 41, 13, 19, 4, 5
2019/9/26, 46, 11, 19, 3, 1
2019/9/27, 43, 10, 17, 3, 1
2019/9/28, 32, 6, 19, 3, 1
2019/9/29, 13, 12, 16, 10, 2
2019/9/30, 30, 8, 19, 8, 1
2019/4/1, 42, 17, 27, 12, 2
2019/4/2, 29, 10, 24, 18, 
2019/4/3, 12, 6, 28, 9, 2
2019/4/4, 11, 15, 31, 19, 2
2019/4/5, 17, 26, 33, 17, 2
2019/4/6, 63, 32, 28, 12, 2
2019/4/7, 88, 47, 18, 12, 2
2019/4/8, 119, 32, 25, 22, 1
2019/4/9, 82, 24, 33, 16, 1
2019/4/10, 45, 26, 32, 23, 1
2019/4/11, 36, 26, 32, 23, 1
2019/4/12, 54, 23, 35, 14, 1
2019/4/13, 53, 22, 35, 11, 1
2019/4/14, 44, 41, 34, 16, 2
2019/4/15, 85, 48, 25, 25, 1
2019/4/16, 120, 51, 28, 23, 1
2019/4/17, 131, 48, 30, 21, 
2019/4/18, 122, 43, 42, 25, 1
2019/4/19, 91, 37, 48, 28, 1
2019/4/20, 76, 30, 54, 19, 1
2019/4/21, 70, 33, 52, 18, 1
2019/4/22, 84, 45, 34, 25, 1
2019/4/23, 87, 30, 26, 14, 1
2019/4/24, 63, 11, 29, 11, 1
2019/4/25, 23, 13, 28, 7, 1
2019/4/26, 23, 22, 32, 2, 1
2019/4/27, 27, 14, 25, 5, 1
2019/4/28, 25, 23, 26, 16, 1
2019/4/29, 52, 28, 30, 16, 1
2019/4/30, 65, 27, 29, 9, 
2019/5/1, 66, 11, 25, 9, 1
2019/5/2, 32, 13, 26, 10, 1
2019/5/3, 40, 13, 26, 9, 
2019/5/4, 29, 12, 27, 8, 1
2019/5/5, 35, 11, 29, 9, 1
2019/5/6, 26, 24, 33, 17, 1
2019/5/7, 53, 12, 30, 9, 1
2019/5/8, 36, 13, 27, 9, 1
2019/5/9, 33, 15, 29, 12, 1
2019/5/10, 43, 17, 30, 13, 1
2019/5/11, 43, 13, 34, 15, 
2019/5/12, 33, 21, 33, 18, 
2019/5/13, 52, 22, 32, 19, 1
2019/5/14, 47, 31, 36, 23, 1
2019/5/15, 59, 32, 32, 21, 2
2019/5/16, 64, 22, 28, 17, 2
2019/5/17, 49, 27, 25, 19, 2
2019/5/18, 54, 16, 25, 12, 2
2019/5/19, 44, 16, 27, 14, 1
2019/5/20, 35, 16, 30, 12, 1
2019/5/21, 31, 13, 32, 10, 2
2019/5/22, 28, 22, 32, 12, 1
2019/5/23, 40, 14, 21, 8, 2
2019/5/24, 49, 14, 22, 5, 2
2019/5/25, 51, 10, 20, 2, 1
2019/5/26, 33, 13, 25, 4, 2
2019/5/27, 34, 9, 25, 8, 2
2019/5/28, 24, 9, 19, 8, 2
2019/5/29, 37, 14, 17, 2, 2
2019/5/30, 41, 5, 16, 3, 2
2019/5/31, 28, 13, 30, 8, 2
2019/6/1, 48, 17, 27, 6, 2
2019/6/2, 48, 15, 25, 3, 2
2019/6/3, 29, 15, 25, 12, 2
2019/6/4, 40, 9, 25, 3, 2
2019/6/5, 22, 9, 28, 7, 2
2019/6/6, 28, 11, 22, 16, 2
2019/6/7, 36, 11, 24, 3, 2
2019/6/8, 31, 10, 26, 5, 1
2019/6/9, 33, 11, 22, 13, 2
2019/6/10, 36, 8, 29, 7, 2
2019/6/11, 28, 7, 22, 11, 1
2019/6/12, 29, 5, 19, 7, 1
2019/6/13, 32, 7, 19, 7, 1
2019/6/14, 31, 10, 27, 5, 1
2019/6/15, 31, 8, 24, 3, 
2019/6/16, 38, 11, 23, 3, 
2019/6/17, 40, 16, 19, 16, 
2019/6/18, 51, 12, 22, 10, 1
2019/6/19, 50, 10, 24, 5, 
2019/6/20, 34, 12, 21, 7, 
2019/6/21, 41, 15, 29, 11, 
2019/6/22, 48, 20, 24, 15, 
2019/6/23, 71, 24, 22, 9, 1
2019/6/24, 85, 18, 13, 16, 1
2019/6/25, 77, 15, 18, 9, 
2019/6/26, 67, 16, 28, 9, 
2019/6/27, 54, 20, 28, 12, 
2019/6/28, 62, 28, 36, 14, 1
2019/6/29, 77, 11, 22, 3, 
2019/6/30, 48, 11, 21, 6, 
2019/1/1, 36, 30, 15, 26, 
2019/1/2, 43, 39, 22, 28, 
2019/1/3, 55, 44, 11, 29, 
2019/1/4, 68, 33, 4, 29, 
2019/1/5, 80, 32, 3, 27, 1
2019/1/6, 69, 18, 21, 7, 
2019/1/7, 41, 29, 21, 18, 
2019/1/8, 37, 32, 14, 31, 1
2019/1/9, 46, 23, 5, 28, 1
2019/1/10, 53, 14, 13, 24, 
2019/1/11, 38, 11, 18, 7, 
2019/1/12, 28, 12, 29, 3, 
2019/1/13, 26, 27, 26, 13, 
2019/1/14, 33, 8, 24, 9, 
2019/1/15, 28, 9, 26, 12, 1
2019/1/16, 23, 24, 17, 21, 1
2019/1/17, 35, 20, 21, 14, 
2019/1/18, 40, 17, 17, 20, 
2019/1/19, 36, 28, 12, 20, 
2019/1/20, 68, 18, 22, 16, 
2019/1/21, 54, 16, 20, 19, 1
2019/1/22, 37, 23, 12, 34, 1
2019/1/23, 45, 26, , 29, 3
2019/1/24, 69, 19, 11, 16, 2
2019/1/25, 53, 11, 25, 4, 3
2019/1/26, 24, 12, 25, 4, 3
2019/1/27, 20, 24, 17, 23, 3
2019/1/28, 28, 11, 15, 20, 2
2019/1/29, 32, 20, 12, 29, 3
2019/1/30, 42, 17, 18, 25, 3
2019/1/31, 53, 18, 18, 12, 2
2019/2/1, 51, 22, 19, 16, 2
2019/2/2, 24, 14, 18, 18, 2
2019/2/3, 35, 14, 21, 19, 2
2019/2/4, 34, 15, 22, 18, 2
2019/2/5, 41, , 22, 15, 2
2019/2/6, 36, , 29, 5, 2
2019/2/11, 40, 17, 12, 17, 3
2019/2/12, 50, 17, 18, 9, 3
2019/2/13, 45, 27, 9, 11, 3
2019/2/14, 80, 46, 14, 28, 3
2019/2/15, 97, 23, 17, 12, 3
2019/2/16, 63, 29, 24, 10, 3
2019/2/17, 78, 19, 25, 7, 3
2019/2/18, 35, 14, 25, 7, 1
2019/2/19, 29, 18, 21, 9, 1
2019/2/20, 31, 21, 21, 10, 1
2019/2/21, 55, 45, 15, 25, 1
2019/2/22, 115, 57, 9, 28, 1
2019/2/23, 143, 51, 13, 24, 1
2019/2/24, 146, 52, 7, 29, 1
2019/2/25, 130, 55, 7, 33, 2
2019/2/26, 118, 58, 15, 32, 1
2019/2/27, 129, 29, 23, 15, 1
2019/2/28, 77, 24, 25, 12, 1
2019/3/1, 69, 12, 32, 7, 1
2019/3/2, 35, 15, 30, 5, 1
2019/3/3, 28, 11, 29, 7, 1
2019/3/4, 17, 11, 28, 8, 1
2019/3/5, 26, 11, 28, 6, 1
2019/3/6, 32, 11, 28, 4, 
2019/3/7, 20, 12, 22, 11, 1
2019/3/8, 34, 26, 30, 4, 1
2019/3/9, 43, 11, 30, 5, 1
2019/3/10, 42, 14, 29, 5, 1
2019/3/11, 28, 9, 30, 4, 1
2019/3/12, 26, 21, 31, 4, 1
2019/3/13, 41, 12, 33, 3, 1
2019/3/14, 28, 9, 26, 3, 1
2019/3/15, 26, 13, 27, 4, 1
2019/3/16, 26, 9, 29, 5, 1
2019/3/17, 19, 12, 22, 10, 1
2019/3/18, 28, 12, 26, 9, 1
2019/3/19, 34, 7, 22, 7, 1
2019/3/20, 27, 6, 14, 8, 1
2019/3/21, 32, 11, 19, 8, 1
2019/3/22, 43, 21, 24, 14, 1
2019/3/23, 65, 16, 28, 11, 1
2019/3/24, 48, 23, 29, 15, 1
2019/3/25, 58, 22, 25, 18, 1
2019/3/26, 59, 27, 24, 21, 1
2019/3/27, 54, 34, 27, 21, 1
2019/3/28, 69, 35, 28, 19, 1
2019/3/29, 92, , 25, 20, 1
2019/3/30, 96, , 27, 12, 1
2019/3/31, 63, 37, 25, 18, 2
2018/10/1, 26, 14, 22, 9, 2
2018/10/2, 26, 12, 14, 4, 
2018/10/3, 23, 9, 14, 7, 
2018/10/4, 22, 11, 17, 5, 
2018/10/5, 53, 28, 17, 13, 
2018/10/6, 20, 11, 22, 10, 
2018/10/7, 19, 10, 22, 11, 
2018/10/8, 13, 16, 24, 13, 
2018/10/9, 32, 32, 21, 26, 
2018/10/10, 73, 23, 21, 17, 
2018/10/11, 45, 19, 26, 4, 
2018/10/12, 24, 16, 22, 3, 
2018/10/13, 27, 6, 25, 10, 
2018/10/14, 12, 7, 23, 12, 
2018/10/15, 17, 19, 13, 13, 
2018/10/16, 46, 23, 17, 19, 
2018/10/17, 35, 21, 20, 17, 
2018/10/18, 37, 31, 9, 20, 
2018/10/19, 61, 27, 14, 16, 
2018/10/20, 62, 18, 22, 12, 
2018/10/21, 49, 20, 21, 18, 5
2018/10/22, 29, 17, 13, 11, 8
2018/10/23, 33, 23, 12, 14, 11
2018/10/24, 53, 19, 15, 19, 10
2018/10/25, 40, 11, 22, 12, 
2018/10/26, 15, 11, 19, 14, 
2018/10/27, 16, 11, 24, 9, 
2018/10/28, 16, 20, 17, 18, 
2018/10/29, 35, 22, 14, 20, 
2018/10/30, 33, 26, 13, 24, 1
2018/10/31, 48, 20, 14, 24, 3
2018/11/1, 36, 15, 11, 18, 1
2018/11/2, 39, 13, 22, 6, 1
2018/11/3, 35, 11, 21, 10, 1
2018/11/4, 25, 42, 9, 18, 2
2018/11/5, 93, 22, 20, 11, 
2018/11/6, 47, 14, 24, 9, 
2018/11/7, 18, 15, 23, 10, 
2018/11/8, 27, , 24, 8, 
2018/11/9, 30, , 19, 7, 
2018/11/10, 30, , 24, 7, 
2018/11/11, 21, 10, 24, 6, 
2018/11/12, 19, 11, 27, 9, 
2018/11/13, 22, 12, 23, 7, 
2018/11/14, 29, 27, 13, 21, 
2018/11/15, 53, 32, 9, 19, 
2018/11/16, 66, 20, 8, 15, 
2018/11/17, 58, 24, 13, 12, 
2018/11/18, 66, 14, 21, 12, 
2018/11/19, 26, 12, 18, 11, 
2018/11/20, 25, 24, 11, 18, 
2018/11/21, 59, 30, 7, 20, 
2018/11/22, 84, 34, 3, 21, 
2018/11/23, 99, 25, 14, 15, 
2018/11/24, 75, 19, 17, 12, 
2018/11/25, 56, 29, 11, 22, 1
2018/11/26, 61, 22, 13, 22, 
2018/11/27, 49, 15, 28, 7, 
2018/11/28, 30, 12, 27, 7, 
2018/11/29, 24, 14, 25, 8, 
2018/11/30, 23, 13, 25, 7, 
2018/12/1, 30, 13, 26, 2, 
2018/12/2, 26, 20, 26, 10, 
2018/12/3, 37, 23, 15, 27, 1
2018/12/4, 33, 11, 21, 14, 1
2018/12/5, 29, 2, 26, 6, 
2018/12/6, 15, 12, 26, 5, 
2018/12/7, 25, 19, 28, 2, 
2018/12/8, 35, 13, 27, 5, 
2018/12/9, 27, 21, 19, 17, 
2018/12/10, 41, 35, 17, 24, 
2018/12/11, 49, 27, 20, 16, 
2018/12/12, 37, 21, 21, 15, 
2018/12/13, 42, 38, 9, 22, 
2018/12/14, 66, 19, 25, 11, 
2018/12/15, 40, 14, 25, 13, 
2018/12/16, 25, 21, 17, 21, 1
2018/12/17, 49, 17, 27, 9, 
2018/12/18, 34, 11, 22, 13, 1
2018/12/19, 21, 11, 26, 8, 1
2018/12/20, 24, 24, 28, 6, 1
2018/12/21, 40, 18, 27, 7, 
2018/12/22, 38, 8, 20, 8, 
2018/12/23, 24, 22, 11, 19, 
2018/12/24, 64, 21, 7, 14, 
2018/12/25, 59, 13, 12, 10, 
2018/12/26, 50, 24, 12, 20, 1
2018/12/27, 65, 23, 8, 18, 4
2018/12/28, 66, 11, 23, 5, 
2018/12/29, 31, 5, 22, 5, 
2018/12/30, 20, , , , 
2018/8/23, 29, 11, 14, 5, 
2018/8/24, 19, 12, 17, 4, 
2018/8/25, 18, 11, 16, 5, 
2018/8/26, 19, 12, 14, 4, 
2018/8/27, 17, 12, 18, 2, 
2018/8/28, 30, 12, 17, 6, 
2018/8/29, 30, 12, 20, 10, 
2018/8/30, 24, 16, , 15, 
2018/9/4, 31, 15, 22, 12, 
2018/9/5, 31, 16, 17, 15, 
2018/9/6, 24, 10, 18, 8, 
2018/9/7, 22, 10, 18, 7, 
2018/9/8, 33, 8, 21, 8, 
2018/9/9, 17, 13, 19, 2, 
2018/9/10, 22, 14, 16, 4, 
2018/9/11, 16, 8, 16, 3, 
2018/9/12, 19, 13, 17, 13, 
2018/9/13, 19, 10, 17, 8, 
2018/9/14, 20, 10, 19, 7, 
2018/9/15, 38, 18, 18, 8, 
2018/9/16, 22, 11, 25, 5, 
2018/9/17, 22, 9, 22, 6, 
2018/9/18, 26, 15, 20, 3, 
2018/9/19, 33, 23, 22, 3, 
2018/9/20, 19, 11, 20, 10, 2
2018/9/21, 19, 14, 17, 5, 5
2018/9/22, 14, 7, 23, 14, 4
2018/9/23, 14, 8, 20, 7, 1
2018/9/24, 24, 15, 21, 15, 1
2018/9/25, 40, 19, 20, 13, 1
2018/9/26, 44, 18, 21, 14, 1
2018/9/27, 49, 20, 17, 15, 1
2018/9/28, 30, 18, 19, 18, 1
2018/9/29, 46, 22, 23, 16, 1
2018/9/30, 34, 14, 19, 12, 2
2024/12/31, , 12, 32, 7, 
2023/10/21, , 10, 21, 10, 
2023/10/22, , 13, 21, 11, 
2023/10/23, , 12, 22, 15, 
2023/8/3, , 15, 26, 5, 3
2023/8/4, , 9, 28, 4, 3
2023/8/5, , 8, 27, 3, 4
2023/8/6, , 8, 24, 3, 2
2023/8/28, , 8, 19, 4, 
2023/1/22, , 31, 6, 23, 1
2023/3/18, , 13, 31, 4, 
2023/3/19, , 6, 20, 8, 
2023/3/22, , 17, 34, 5, 
2022/7/13, , 13, 21, 4, 1
2022/7/14, , 11, 23, 3, 1
2022/1/2, , 21, 31, 3, 2
2021/10/4, , 9, , 4, 
2021/10/5, , 10, , 5, 
2021/10/6, , 11, , 8, 
2021/10/7, , 14, , 14, 
2021/10/8, , 23, , 16, 
2021/10/9, , 13, , 11, 
2021/10/10, , 14, , 12, 
2021/10/11, , 13, , 13, 
2021/10/12, , 10, , 11, 
2021/10/13, , 10, , 6, 
2021/10/14, , 17, , 16, 
2021/10/15, , 16, , 11, 
2021/10/16, , 16, , 5, 
2021/10/17, , 12, , 9, 
2021/10/18, , 11, , 6, 
2021/10/19, , 13, , 7, 
2021/10/20, , 12, , 9, 
2021/10/21, , 10, , 8, 
2021/10/22, , 8, , 7, 
2021/10/23, , 11, , 3, 
2021/10/24, , 9, , 8, 
2021/10/25, , 8, , 7, 
2021/10/26, , 8, , 3, 
2021/10/27, , 12, , 3, 
2021/10/28, , 11, , 4, 
2021/10/29, , 9, 27, 8, 
2021/7/18, , 21, 38, 10, 
2021/9/5, , 37, 39, 22, 
2021/1/3, , 10, 17, 8, 
2021/1/17, , 8, 20, 11, 1
2020/10/15, , 17, 15, 15, 2
2020/10/16, , 14, 16, 12, 2
2020/10/17, , 19, 12, 17, 
2020/10/18, , 27, 24, 16, 2
2020/7/12, , 7, 22, 3, 
2020/9/26, , 11, 20, 6, 2
2020/9/27, , 12, 17, 10, 2
2020/9/28, , 12, 18, 10, 2
2020/1/1, , 25, 18, 13, 4
2020/2/10, , 18, , 3, 
2020/2/11, , 17, , 4, 
2020/2/12, , 11, , 7, 
2020/2/13, , 10, , 9, 
2020/2/14, , 16, , 14, 
2020/2/15, , 7, , 4, 
2020/2/16, , 12, , 1, 
2020/2/17, , 18, , 4, 
2020/2/18, , 15, , 4, 
2020/2/19, , 13, , 10, 
2020/2/20, , 9, , 6, 
2020/2/21, , 22, , 5, 
2020/2/22, , 21, , 3, 
2020/2/23, , 9, 26, 9, 3
2019/10/31, , 8, 17, 10, 2
2019/11/1, , 11, 22, 3, 1
2019/11/2, , 8, 17, 8, 2
2019/11/3, , 14, 17, 11, 2
2019/11/29, , 18, 8, 18, 2
2019/11/30, , 17, 19, 15, 1
2019/12/1, , 22, 8, 27, 2
2019/7/18, , 7, 14, 6, 1
2019/9/21, , 10, 19, 9, 1
2019/9/22, , 6, 32, 6, 25
2019/9/23, , 14, 25, 6, 14
2018/12/31, , 16, 21, 8, 
2019/2/7, , 17, 31, 4, 3
2019/2/8, , 17, 31, 5, 
2019/2/9, , 7, 30, 5, 3
2019/2/10, , 14, 23, 14, 3
2018/7/1, , 19, , 12, 
2018/7/2, , 26, , 14, 
2018/7/3, , 23, , 14, 
2018/7/4, , 22, , 16, 
2018/7/5, , 27, , 12, 
2018/7/6, , 20, , 10, 
2018/7/7, , 13, , 7, 
2018/7/8, , 16, , 10, 
2018/7/9, , 21, , 14, 
2018/7/10, , 19, , 14, 
2018/7/11, , 26, , 17, 
2018/7/12, , 24, , 17, 
2018/7/13, , 27, , 9, 
2018/7/14, , 20, , 8, 
2018/7/15, , 15, , 4, 
2018/7/16, , 18, , 5, 
2018/7/17, , 14, , 4, 
2018/7/18, , 13, , 3, 
2018/7/19, , 22, , 11, 
2018/7/20, , 22, , 8, 
2018/7/21, , 18, , 9, 
2018/7/22, , 12, , 3, 
2018/7/23, , 19, , 3, 
2018/7/24, , 12, , 3, 
2018/7/25, , 14, , 7, 
2018/7/27, , 10, , 9, 
2018/7/28, , 17, , 2, 
2018/7/29, , 10, , 2, 
2018/7/30, , 9, , 4, 
2018/7/31, , 14, , 3, 
2018/8/1, , 14, , 4, 
2018/8/2, , 11, , 7, 
2018/8/3, , 7, , 8, 
2018/8/6, , 12, , 5, 
2018/8/7, , 7, , 4, 
2018/8/8, , 9, , 3, 
2018/8/9, , 14, , 8, 
2018/8/10, , 7, , 7, 
2018/8/11, , 10, , 11, 
2018/8/12, , 5, , 3, 
2018/8/15, , 8, , 2, 
2018/8/16, , 4, , 3, 
2018/8/21, , 12, , 5, 
2018/8/22, , 5, 15, 2, 
2018/9/3, , 17, 11, 14, 
2018/4/22, , 19, , 4, 
2018/4/23, , 15, , 5, 
2018/4/24, , 9, , 2, 
2018/4/25, , 17, , 3, 
2018/4/26, , 17, , 18, 
2018/4/27, , 11, , 18, 
2018/4/28, , 16, , 10, 
2018/4/29, , 14, , 9, 
2018/4/30, , 13, , 7, 
2018/5/1, , 12, , 5, 
2018/5/2, , 10, , 8, 
2018/5/3, , 18, , 12, 
2018/5/4, , 18, , 15, 
2018/5/5, , 23, , 15, 
2018/5/6, , 21, , 16, 
2018/5/7, , 30, , 6, 
2018/5/8, , 25, , 7, 
2018/5/9, , 16, , 7, 
2018/5/10, , 26, , 13, 
2018/5/11, , 25, , 15, 
2018/5/12, , 18, , 6, 
2018/5/13, , 12, , 12, 
2018/5/14, , 15, , 10, 
2018/5/15, , 14, , 11, 
2018/5/16, , 21, , 16, 
2018/5/17, , 27, , 14, 
2018/5/18, , 29, , 11, 
2018/5/19, , 26, , 8, 
2018/5/20, , 27, , 15, 
2018/5/21, , 34, , 13, 
2018/5/22, , 29, , 11, 
2018/5/23, , 35, , 14, 
2018/5/24, , 35, , 25, 
2018/5/25, , 24, , 8, 
2018/5/26, , 33, , 10, 
2018/5/27, , 25, , 10, 
2018/5/28, , 33, , 10, 
2018/5/29, , 30, , 17, 
2018/5/30, , 25, , 16, 
2018/5/31, , 29, , 5, 
2018/6/1, , 11, , 3, 
2018/6/2, , 7, , 11, 
2018/6/3, , 15, , 10, 
2018/6/4, , 25, , 14, 
2018/6/5, , 18, , 17, 
2018/6/6, , 30, , 17, 
2018/6/7, , 29, , 15, 
2018/6/8, , 28, , 14, 
2018/6/9, , 25, , 12, 
2018/6/10, , 21, , 16, 
2018/6/11, , 20, , 15, 
2018/6/12, , 20, , 6, 
2018/6/13, , 17, , 1, 
2018/6/14, , 20, , 3, 
2018/6/15, , 15, , 1, 
2018/6/16, , 10, , 1, 
2018/6/17, , 9, , 2, 
2018/6/18, , 10, , 3, 
2018/6/19, , 5, , 3, 
2018/6/20, , 7, , 10, 
2018/6/21, , 13, , 9, 
2018/6/22, , 17, , 12, 
2018/6/23, , 17, , 18, 
2018/6/24, , 18, , 26, 
2018/6/25, , 25, , 23, 
2018/6/26, , 25, , 19, 
2018/6/27, , 24, , 14, 
2018/6/28, , 21, , 17, 
2018/6/29, , 21, , 13, 
2018/6/30, , 17, , 12, 
2023/1/20, , , 5, 21, 
2023/1/21, , , 9, 20, 
2021/7/16, , , 34, 12, 
2021/7/17, , , 32, 9, 
2021/1/15, , , 22, 6, 1
2021/1/16, , , 23, 9, 1
2020/7/8, , , 12, 3, 
2020/7/9, , , 19, 4, 
2020/7/10, , , 19, 5, 
2020/7/11, , , 25, 5, 
2020/1/16, , , 24, 8, 6
2020/1/17, , , 8, 12, 6
2020/1/18, , , 6, 26, 6
2020/1/19, , , 3, 26, 6
2019/7/17, , , 18, 4, 1
2018/7/26, , , , 12, 
2018/8/4, , , , 7, 
2018/8/5, , , , 8, 
2018/8/13, , , , 8, 
2018/8/14, , , , 5, 
2018/8/17, , , , 6, 
2018/8/18, , , , 2, 
2018/8/19, , , , 2, 
2018/8/20, , , , 3, 
2018/4/21, , , , 6, 